image1,image1_path,image2,image2_path,distance,confidence,similarity
045_9fea1e51.jpg,(datasets/house_styles/all_images/045_9fea1e51.jpg),138_03bf52ae.jpg,(datasets/house_styles/all_images/138_03bf52ae.jpg),1.0,0.0,2
245_579b3304.jpg,(datasets/house_styles/all_images/245_579b3304.jpg),201_edbb9f6e.jpg,(datasets/house_styles/all_images/201_edbb9f6e.jpg),1.0003,0.0003,2
138_03bf52ae.jpg,(datasets/house_styles/all_images/138_03bf52ae.jpg),122_e44a0cb3.jpg,(datasets/house_styles/all_images/122_e44a0cb3.jpg),1.0004,0.0004,1
105_1c926771.jpg,(datasets/house_styles/all_images/105_1c926771.jpg),094_c29b2dc0.jpg,(datasets/house_styles/all_images/094_c29b2dc0.jpg),1.0004,0.0004,2
103_e1440563.jpg,(datasets/house_styles/all_images/103_e1440563.jpg),539_897f21ca.jpg,(datasets/house_styles/all_images/539_897f21ca.jpg),0.9995,0.0005,1
133_91a1133a.jpg,(datasets/house_styles/all_images/133_91a1133a.jpg),130_3436e91b.jpg,(datasets/house_styles/all_images/130_3436e91b.jpg),1.0005,0.0005,3
430_4e0ee28c.jpg,(datasets/house_styles/all_images/430_4e0ee28c.jpg),115_bcdaf595.jpg,(datasets/house_styles/all_images/115_bcdaf595.jpg),1.0006,0.0006,1
009_f852438c.jpg,(datasets/house_styles/all_images/009_f852438c.jpg),206_08d285c6.jpg,(datasets/house_styles/all_images/206_08d285c6.jpg),0.9991,0.0009,1
079_3da41703.jpg,(datasets/house_styles/all_images/079_3da41703.jpg),164_45199ef9.jpg,(datasets/house_styles/all_images/164_45199ef9.jpg),0.999,0.001,3
456_fc7312d5.jpg,(datasets/house_styles/all_images/456_fc7312d5.jpg),021_083b8fe4.jpg,(datasets/house_styles/all_images/021_083b8fe4.jpg),1.0012,0.0012,1
388_fbd9baa1.jpg,(datasets/house_styles/all_images/388_fbd9baa1.jpg),294_3260f65d.jpg,(datasets/house_styles/all_images/294_3260f65d.jpg),1.0016,0.0016,2
343_354bff03.jpg,(datasets/house_styles/all_images/343_354bff03.jpg),415_4b0724cb.jpg,(datasets/house_styles/all_images/415_4b0724cb.jpg),1.0017,0.0017,2
112_f21e8af7.jpg,(datasets/house_styles/all_images/112_f21e8af7.jpg),043_0c48915e.jpg,(datasets/house_styles/all_images/043_0c48915e.jpg),1.0017,0.0017,3
021_25ad37e4.jpg,(datasets/house_styles/all_images/021_25ad37e4.jpg),041_d7474487.jpg,(datasets/house_styles/all_images/041_d7474487.jpg),0.998,0.002,3
042_06b56791.jpg,(datasets/house_styles/all_images/042_06b56791.jpg),108_c76f77e2.jpg,(datasets/house_styles/all_images/108_c76f77e2.jpg),0.9979,0.0021,1
114_74c3329d.jpg,(datasets/house_styles/all_images/114_74c3329d.jpg),504_06424815.jpg,(datasets/house_styles/all_images/504_06424815.jpg),1.0022,0.0022,1
021_25ad37e4.jpg,(datasets/house_styles/all_images/021_25ad37e4.jpg),453_d7b5d246.jpg,(datasets/house_styles/all_images/453_d7b5d246.jpg),0.9977,0.0023,1
106_253755c1.jpg,(datasets/house_styles/all_images/106_253755c1.jpg),037_326d0815.jpg,(datasets/house_styles/all_images/037_326d0815.jpg),0.9975,0.0025,2
245_1557cb25.jpg,(datasets/house_styles/all_images/245_1557cb25.jpg),184_4eb75826.jpg,(datasets/house_styles/all_images/184_4eb75826.jpg),1.0025,0.0025,2
258_560ea146.jpg,(datasets/house_styles/all_images/258_560ea146.jpg),241_0a49bf59.jpg,(datasets/house_styles/all_images/241_0a49bf59.jpg),1.0028,0.0028,2
167_65150acf.jpg,(datasets/house_styles/all_images/167_65150acf.jpg),055_55fbf3ef.jpg,(datasets/house_styles/all_images/055_55fbf3ef.jpg),1.003,0.003,2
067_c93d4864.jpg,(datasets/house_styles/all_images/067_c93d4864.jpg),279_0a7ee454.jpg,(datasets/house_styles/all_images/279_0a7ee454.jpg),0.9963,0.0037,1
091_1e37e2fa.jpg,(datasets/house_styles/all_images/091_1e37e2fa.jpg),122_e44a0cb3.jpg,(datasets/house_styles/all_images/122_e44a0cb3.jpg),0.9963,0.0037,1
055_55fbf3ef.jpg,(datasets/house_styles/all_images/055_55fbf3ef.jpg),252_222859bd.jpg,(datasets/house_styles/all_images/252_222859bd.jpg),0.9961,0.0039,1
007_64a3e2e9.jpg,(datasets/house_styles/all_images/007_64a3e2e9.jpg),428_d2a99125.jpg,(datasets/house_styles/all_images/428_d2a99125.jpg),1.0041,0.0041,2
202_55578dea.jpg,(datasets/house_styles/all_images/202_55578dea.jpg),012_f438db3a.jpg,(datasets/house_styles/all_images/012_f438db3a.jpg),0.9957,0.0043,3
182_b43618bc.jpg,(datasets/house_styles/all_images/182_b43618bc.jpg),132_8e5fa493.jpg,(datasets/house_styles/all_images/132_8e5fa493.jpg),0.9955,0.0045,1
280_78fc43a1.jpg,(datasets/house_styles/all_images/280_78fc43a1.jpg),017_ffb23173.jpg,(datasets/house_styles/all_images/017_ffb23173.jpg),0.9954,0.0046,2
389_08eeac29.jpg,(datasets/house_styles/all_images/389_08eeac29.jpg),420_dc34f8c6.jpg,(datasets/house_styles/all_images/420_dc34f8c6.jpg),0.9954,0.0046,3
493_2782a145.jpg,(datasets/house_styles/all_images/493_2782a145.jpg),366_6a85a605.jpg,(datasets/house_styles/all_images/366_6a85a605.jpg),0.9951,0.0049,2
057_28786773.jpg,(datasets/house_styles/all_images/057_28786773.jpg),175_d61edc30.jpg,(datasets/house_styles/all_images/175_d61edc30.jpg),1.0049,0.0049,3
067_c93d4864.jpg,(datasets/house_styles/all_images/067_c93d4864.jpg),485_1c18da79.jpg,(datasets/house_styles/all_images/485_1c18da79.jpg),0.995,0.005,1
180_ea16e99b.jpg,(datasets/house_styles/all_images/180_ea16e99b.jpg),216_8570669c.jpg,(datasets/house_styles/all_images/216_8570669c.jpg),1.0052,0.0052,1
155_732ad883.jpg,(datasets/house_styles/all_images/155_732ad883.jpg),485_1c18da79.jpg,(datasets/house_styles/all_images/485_1c18da79.jpg),1.0052,0.0052,1
168_73a8fa29.jpg,(datasets/house_styles/all_images/168_73a8fa29.jpg),394_8fc176b2.jpg,(datasets/house_styles/all_images/394_8fc176b2.jpg),1.0054,0.0054,1
105_decde90f.jpg,(datasets/house_styles/all_images/105_decde90f.jpg),060_26c18ddf.jpg,(datasets/house_styles/all_images/060_26c18ddf.jpg),1.0054,0.0054,2
095_0a434ed3.jpg,(datasets/house_styles/all_images/095_0a434ed3.jpg),060_26c18ddf.jpg,(datasets/house_styles/all_images/060_26c18ddf.jpg),1.0054,0.0054,2
041_d7474487.jpg,(datasets/house_styles/all_images/041_d7474487.jpg),208_78b28f8b.jpg,(datasets/house_styles/all_images/208_78b28f8b.jpg),1.0055,0.0055,1
080_1bdfee05.jpg,(datasets/house_styles/all_images/080_1bdfee05.jpg),154_dc6f5bd3.jpg,(datasets/house_styles/all_images/154_dc6f5bd3.jpg),0.9944,0.0056,1
147_579b3c29.jpg,(datasets/house_styles/all_images/147_579b3c29.jpg),202_55578dea.jpg,(datasets/house_styles/all_images/202_55578dea.jpg),0.9936,0.0064,
164_45199ef9.jpg,(datasets/house_styles/all_images/164_45199ef9.jpg),069_d3bedc1f.jpg,(datasets/house_styles/all_images/069_d3bedc1f.jpg),0.9936,0.0064,
131_1251d4eb.jpg,(datasets/house_styles/all_images/131_1251d4eb.jpg),061_0e8f4935.jpg,(datasets/house_styles/all_images/061_0e8f4935.jpg),1.0065,0.0065,
167_65150acf.jpg,(datasets/house_styles/all_images/167_65150acf.jpg),353_003f4000.jpg,(datasets/house_styles/all_images/353_003f4000.jpg),1.0068,0.0068,
257_f1b4cd5b.jpg,(datasets/house_styles/all_images/257_f1b4cd5b.jpg),208_78b28f8b.jpg,(datasets/house_styles/all_images/208_78b28f8b.jpg),1.007,0.007,
021_25ad37e4.jpg,(datasets/house_styles/all_images/021_25ad37e4.jpg),100_b2a006af.jpg,(datasets/house_styles/all_images/100_b2a006af.jpg),1.0073,0.0073,
260_ff34f4ba.jpg,(datasets/house_styles/all_images/260_ff34f4ba.jpg),019_61d9365b.jpg,(datasets/house_styles/all_images/019_61d9365b.jpg),1.0073,0.0073,
014_459a0075.jpg,(datasets/house_styles/all_images/014_459a0075.jpg),252_222859bd.jpg,(datasets/house_styles/all_images/252_222859bd.jpg),1.0074,0.0074,
105_1c926771.jpg,(datasets/house_styles/all_images/105_1c926771.jpg),245_579b3304.jpg,(datasets/house_styles/all_images/245_579b3304.jpg),1.0075,0.0075,
419_b4f308b3.jpg,(datasets/house_styles/all_images/419_b4f308b3.jpg),415_4b0724cb.jpg,(datasets/house_styles/all_images/415_4b0724cb.jpg),0.9924,0.0076,
061_b65cd27e.jpg,(datasets/house_styles/all_images/061_b65cd27e.jpg),501_bcd7edcd.jpg,(datasets/house_styles/all_images/501_bcd7edcd.jpg),0.9922,0.0078,
078_9e2d5f02.jpg,(datasets/house_styles/all_images/078_9e2d5f02.jpg),043_0c48915e.jpg,(datasets/house_styles/all_images/043_0c48915e.jpg),1.0079,0.0079,
342_9ee8b214.jpg,(datasets/house_styles/all_images/342_9ee8b214.jpg),205_0ec9560b.jpg,(datasets/house_styles/all_images/205_0ec9560b.jpg),0.992,0.008,
428_d2a99125.jpg,(datasets/house_styles/all_images/428_d2a99125.jpg),510_95629ee6.jpg,(datasets/house_styles/all_images/510_95629ee6.jpg),1.0083,0.0083,
023_5efdbc2d.jpg,(datasets/house_styles/all_images/023_5efdbc2d.jpg),194_a66427af.jpg,(datasets/house_styles/all_images/194_a66427af.jpg),0.9916,0.0084,
350_ff091a99.jpg,(datasets/house_styles/all_images/350_ff091a99.jpg),005_dbecd9c4.jpg,(datasets/house_styles/all_images/005_dbecd9c4.jpg),1.0086,0.0086,
487_6af5bc71.jpg,(datasets/house_styles/all_images/487_6af5bc71.jpg),219_d4a22bde.jpg,(datasets/house_styles/all_images/219_d4a22bde.jpg),1.0086,0.0086,
093_a5e0acc5.jpg,(datasets/house_styles/all_images/093_a5e0acc5.jpg),254_1355cae0.jpg,(datasets/house_styles/all_images/254_1355cae0.jpg),1.0088,0.0088,
012_f438db3a.jpg,(datasets/house_styles/all_images/012_f438db3a.jpg),035_6e7ff66b.jpg,(datasets/house_styles/all_images/035_6e7ff66b.jpg),1.009,0.009,
180_ea16e99b.jpg,(datasets/house_styles/all_images/180_ea16e99b.jpg),187_f9d3cf18.jpg,(datasets/house_styles/all_images/187_f9d3cf18.jpg),1.0091,0.0091,
130_1d93de4f.jpg,(datasets/house_styles/all_images/130_1d93de4f.jpg),048_0a8b5dde.jpg,(datasets/house_styles/all_images/048_0a8b5dde.jpg),0.9909,0.0091,
193_365009dc.jpg,(datasets/house_styles/all_images/193_365009dc.jpg),092_0cd80084.jpg,(datasets/house_styles/all_images/092_0cd80084.jpg),0.9908,0.0092,
180_ea16e99b.jpg,(datasets/house_styles/all_images/180_ea16e99b.jpg),175_d61edc30.jpg,(datasets/house_styles/all_images/175_d61edc30.jpg),1.0094,0.0094,
023_5efdbc2d.jpg,(datasets/house_styles/all_images/023_5efdbc2d.jpg),097_41e7ad48.jpg,(datasets/house_styles/all_images/097_41e7ad48.jpg),1.0094,0.0094,
086_80f8f853.jpg,(datasets/house_styles/all_images/086_80f8f853.jpg),254_1355cae0.jpg,(datasets/house_styles/all_images/254_1355cae0.jpg),1.0095,0.0095,
117_d5ce16c2.jpg,(datasets/house_styles/all_images/117_d5ce16c2.jpg),254_1355cae0.jpg,(datasets/house_styles/all_images/254_1355cae0.jpg),1.0095,0.0095,
112_e6cb24b4.jpg,(datasets/house_styles/all_images/112_e6cb24b4.jpg),504_06424815.jpg,(datasets/house_styles/all_images/504_06424815.jpg),1.0096,0.0096,
273_95a29a86.jpg,(datasets/house_styles/all_images/273_95a29a86.jpg),041_d7474487.jpg,(datasets/house_styles/all_images/041_d7474487.jpg),0.9902,0.0098,
262_8a21b6d1.jpg,(datasets/house_styles/all_images/262_8a21b6d1.jpg),272_3262745c.jpg,(datasets/house_styles/all_images/272_3262745c.jpg),0.9901,0.0099,
020_c8201633.jpg,(datasets/house_styles/all_images/020_c8201633.jpg),158_0e3358fe.jpg,(datasets/house_styles/all_images/158_0e3358fe.jpg),0.99,0.01,
053_9f014739.jpg,(datasets/house_styles/all_images/053_9f014739.jpg),175_d61edc30.jpg,(datasets/house_styles/all_images/175_d61edc30.jpg),1.0101,0.0101,
197_3ef925ed.jpg,(datasets/house_styles/all_images/197_3ef925ed.jpg),128_841a4e49.jpg,(datasets/house_styles/all_images/128_841a4e49.jpg),0.9899,0.0101,
299_6f2be194.jpg,(datasets/house_styles/all_images/299_6f2be194.jpg),078_9e2d5f02.jpg,(datasets/house_styles/all_images/078_9e2d5f02.jpg),0.9897,0.0103,
177_3216f03e.jpg,(datasets/house_styles/all_images/177_3216f03e.jpg),113_3b341645.jpg,(datasets/house_styles/all_images/113_3b341645.jpg),0.9897,0.0103,
001_d2c7428a.jpg,(datasets/house_styles/all_images/001_d2c7428a.jpg),196_4a29195b.jpg,(datasets/house_styles/all_images/196_4a29195b.jpg),0.9896,0.0104,
137_038f978a.jpg,(datasets/house_styles/all_images/137_038f978a.jpg),058_7f8c2954.jpg,(datasets/house_styles/all_images/058_7f8c2954.jpg),0.9893,0.0107,
304_7774d253.jpg,(datasets/house_styles/all_images/304_7774d253.jpg),005_dbecd9c4.jpg,(datasets/house_styles/all_images/005_dbecd9c4.jpg),0.9893,0.0107,
168_73a8fa29.jpg,(datasets/house_styles/all_images/168_73a8fa29.jpg),441_56cba3a9.jpg,(datasets/house_styles/all_images/441_56cba3a9.jpg),1.0107,0.0107,
018_d675e0cc.jpg,(datasets/house_styles/all_images/018_d675e0cc.jpg),156_55935f6b.jpg,(datasets/house_styles/all_images/156_55935f6b.jpg),1.011,0.011,
524_adfc8645.jpg,(datasets/house_styles/all_images/524_adfc8645.jpg),112_e6cb24b4.jpg,(datasets/house_styles/all_images/112_e6cb24b4.jpg),1.0111,0.0111,1
172_f807dd8b.jpg,(datasets/house_styles/all_images/172_f807dd8b.jpg),156_55935f6b.jpg,(datasets/house_styles/all_images/156_55935f6b.jpg),0.9886,0.0114,1
137_16e3cfb6.jpg,(datasets/house_styles/all_images/137_16e3cfb6.jpg),163_83960f4c.jpg,(datasets/house_styles/all_images/163_83960f4c.jpg),0.9885,0.0115,3
481_2d314672.jpg,(datasets/house_styles/all_images/481_2d314672.jpg),318_8eeda507.jpg,(datasets/house_styles/all_images/318_8eeda507.jpg),1.0115,0.0115,2
439_ac9a7940.jpg,(datasets/house_styles/all_images/439_ac9a7940.jpg),349_60f37449.jpg,(datasets/house_styles/all_images/349_60f37449.jpg),0.9883,0.0117,2
227_33071f4b.jpg,(datasets/house_styles/all_images/227_33071f4b.jpg),103_cd0a617c.jpg,(datasets/house_styles/all_images/103_cd0a617c.jpg),0.9883,0.0117,3
128_841a4e49.jpg,(datasets/house_styles/all_images/128_841a4e49.jpg),212_aea88577.jpg,(datasets/house_styles/all_images/212_aea88577.jpg),1.0118,0.0118,2
141_965cfe04.jpg,(datasets/house_styles/all_images/141_965cfe04.jpg),136_9f1a39c1.jpg,(datasets/house_styles/all_images/136_9f1a39c1.jpg),0.9879,0.0121,1
406_e5e906d6.jpg,(datasets/house_styles/all_images/406_e5e906d6.jpg),487_6af5bc71.jpg,(datasets/house_styles/all_images/487_6af5bc71.jpg),0.9879,0.0121,3
168_73a8fa29.jpg,(datasets/house_styles/all_images/168_73a8fa29.jpg),501_bcd7edcd.jpg,(datasets/house_styles/all_images/501_bcd7edcd.jpg),0.9876,0.0124,1
310_10bdb154.jpg,(datasets/house_styles/all_images/310_10bdb154.jpg),474_ebf934b6.jpg,(datasets/house_styles/all_images/474_ebf934b6.jpg),1.0128,0.0128,2
294_3260f65d.jpg,(datasets/house_styles/all_images/294_3260f65d.jpg),474_ebf934b6.jpg,(datasets/house_styles/all_images/474_ebf934b6.jpg),1.0128,0.0128,2
227_33071f4b.jpg,(datasets/house_styles/all_images/227_33071f4b.jpg),078_9e2d5f02.jpg,(datasets/house_styles/all_images/078_9e2d5f02.jpg),0.9868,0.0132,3
474_ebf934b6.jpg,(datasets/house_styles/all_images/474_ebf934b6.jpg),394_8fc176b2.jpg,(datasets/house_styles/all_images/394_8fc176b2.jpg),1.0133,0.0133,1
406_e5e906d6.jpg,(datasets/house_styles/all_images/406_e5e906d6.jpg),346_e98ba7a9.jpg,(datasets/house_styles/all_images/346_e98ba7a9.jpg),1.0135,0.0135,1
018_64add206.jpg,(datasets/house_styles/all_images/018_64add206.jpg),257_f1b4cd5b.jpg,(datasets/house_styles/all_images/257_f1b4cd5b.jpg),0.9865,0.0135,3
078_d09c7ede.jpg,(datasets/house_styles/all_images/078_d09c7ede.jpg),058_7f8c2954.jpg,(datasets/house_styles/all_images/058_7f8c2954.jpg),0.9863,0.0137,2
443_c3788bc5.jpg,(datasets/house_styles/all_images/443_c3788bc5.jpg),410_43ec7ac3.jpg,(datasets/house_styles/all_images/410_43ec7ac3.jpg),0.9861,0.0139,2
419_b4f308b3.jpg,(datasets/house_styles/all_images/419_b4f308b3.jpg),043_0c48915e.jpg,(datasets/house_styles/all_images/043_0c48915e.jpg),0.9858,0.0142,2
342_9ee8b214.jpg,(datasets/house_styles/all_images/342_9ee8b214.jpg),219_d4a22bde.jpg,(datasets/house_styles/all_images/219_d4a22bde.jpg),1.0144,0.0144,2
151_cffbc324.jpg,(datasets/house_styles/all_images/151_cffbc324.jpg),035_7b4de4fd.jpg,(datasets/house_styles/all_images/035_7b4de4fd.jpg),0.9855,0.0145,2
159_f211f05e.jpg,(datasets/house_styles/all_images/159_f211f05e.jpg),017_ffb23173.jpg,(datasets/house_styles/all_images/017_ffb23173.jpg),1.0145,0.0145,2
301_b73b9663.jpg,(datasets/house_styles/all_images/301_b73b9663.jpg),123_d5fed066.jpg,(datasets/house_styles/all_images/123_d5fed066.jpg),1.0146,0.0146,3
428_d2a99125.jpg,(datasets/house_styles/all_images/428_d2a99125.jpg),041_9c259b38.jpg,(datasets/house_styles/all_images/041_9c259b38.jpg),1.0149,0.0149,2
225_25606f44.jpg,(datasets/house_styles/all_images/225_25606f44.jpg),131_c09d4a3f.jpg,(datasets/house_styles/all_images/131_c09d4a3f.jpg),1.0149,0.0149,1
009_f852438c.jpg,(datasets/house_styles/all_images/009_f852438c.jpg),035_6e7ff66b.jpg,(datasets/house_styles/all_images/035_6e7ff66b.jpg),0.9849,0.0151,1
294_f336ba11.jpg,(datasets/house_styles/all_images/294_f336ba11.jpg),125_b3f68f40.jpg,(datasets/house_styles/all_images/125_b3f68f40.jpg),1.0151,0.0151,1
349_60f37449.jpg,(datasets/house_styles/all_images/349_60f37449.jpg),357_27ab49c8.jpg,(datasets/house_styles/all_images/357_27ab49c8.jpg),1.0152,0.0152,3
187_f9d3cf18.jpg,(datasets/house_styles/all_images/187_f9d3cf18.jpg),204_c24a248a.jpg,(datasets/house_styles/all_images/204_c24a248a.jpg),0.9848,0.0152,1
100_b2a006af.jpg,(datasets/house_styles/all_images/100_b2a006af.jpg),360_28ef686b.jpg,(datasets/house_styles/all_images/360_28ef686b.jpg),1.0152,0.0152,1
125_b3f68f40.jpg,(datasets/house_styles/all_images/125_b3f68f40.jpg),250_27aa4502.jpg,(datasets/house_styles/all_images/250_27aa4502.jpg),1.0153,0.0153,2
147_579b3c29.jpg,(datasets/house_styles/all_images/147_579b3c29.jpg),086_80f8f853.jpg,(datasets/house_styles/all_images/086_80f8f853.jpg),0.9847,0.0153,2
284_1d326f0c.jpg,(datasets/house_styles/all_images/284_1d326f0c.jpg),043_0c48915e.jpg,(datasets/house_styles/all_images/043_0c48915e.jpg),0.9843,0.0157,3
094_0a543599.jpg,(datasets/house_styles/all_images/094_0a543599.jpg),136_9f1a39c1.jpg,(datasets/house_styles/all_images/136_9f1a39c1.jpg),0.9842,0.0158,2
108_c76f77e2.jpg,(datasets/house_styles/all_images/108_c76f77e2.jpg),122_e44a0cb3.jpg,(datasets/house_styles/all_images/122_e44a0cb3.jpg),0.9839,0.0161,1
021_6cb715ac.jpg,(datasets/house_styles/all_images/021_6cb715ac.jpg),221_cbdbfa68.jpg,(datasets/house_styles/all_images/221_cbdbfa68.jpg),1.0163,0.0163,1
262_8a21b6d1.jpg,(datasets/house_styles/all_images/262_8a21b6d1.jpg),366_6a85a605.jpg,(datasets/house_styles/all_images/366_6a85a605.jpg),1.0164,0.0164,2
096_788887ff.jpg,(datasets/house_styles/all_images/096_788887ff.jpg),054_37cbf3d3.jpg,(datasets/house_styles/all_images/054_37cbf3d3.jpg),1.0164,0.0164,3
001_d2c7428a.jpg,(datasets/house_styles/all_images/001_d2c7428a.jpg),130_1d93de4f.jpg,(datasets/house_styles/all_images/130_1d93de4f.jpg),0.9835,0.0165,3
121_62c24d44.jpg,(datasets/house_styles/all_images/121_62c24d44.jpg),181_7a55eb4a.jpg,(datasets/house_styles/all_images/181_7a55eb4a.jpg),1.017,0.017,2
022_f8c73e27.jpg,(datasets/house_styles/all_images/022_f8c73e27.jpg),108_c76f77e2.jpg,(datasets/house_styles/all_images/108_c76f77e2.jpg),0.983,0.017,2
180_ea16e99b.jpg,(datasets/house_styles/all_images/180_ea16e99b.jpg),093_a5e0acc5.jpg,(datasets/house_styles/all_images/093_a5e0acc5.jpg),0.983,0.017,1
304_7774d253.jpg,(datasets/house_styles/all_images/304_7774d253.jpg),114_74c3329d.jpg,(datasets/house_styles/all_images/114_74c3329d.jpg),1.0001,0.0001,0.0
201_edbb9f6e.jpg,(datasets/house_styles/all_images/201_edbb9f6e.jpg),006_ec7e3943.jpg,(datasets/house_styles/all_images/006_ec7e3943.jpg),1.0004,0.0004,0.0
199_e4e5df84.jpg,(datasets/house_styles/all_images/199_e4e5df84.jpg),006_ec7e3943.jpg,(datasets/house_styles/all_images/006_ec7e3943.jpg),1.0004,0.0004,0.0
414_ee23c62f.jpg,(datasets/house_styles/all_images/414_ee23c62f.jpg),125_743047fb.jpg,(datasets/house_styles/all_images/125_743047fb.jpg),1.0005,0.0005,0.0
291_93109531.jpg,(datasets/house_styles/all_images/291_93109531.jpg),010_84618064.jpg,(datasets/house_styles/all_images/010_84618064.jpg),1.0005,0.0005,0.0
469_1ad24162.jpg,(datasets/house_styles/all_images/469_1ad24162.jpg),187_f9d3cf18.jpg,(datasets/house_styles/all_images/187_f9d3cf18.jpg),1.0006,0.0006,0.0
168_73a8fa29.jpg,(datasets/house_styles/all_images/168_73a8fa29.jpg),094_0a543599.jpg,(datasets/house_styles/all_images/094_0a543599.jpg),0.9992,0.0008,0.0
250_27aa4502.jpg,(datasets/house_styles/all_images/250_27aa4502.jpg),402_edb89d69.jpg,(datasets/house_styles/all_images/402_edb89d69.jpg),0.9991,0.0009,0.0
252_222859bd.jpg,(datasets/house_styles/all_images/252_222859bd.jpg),103_615e0fa4.jpg,(datasets/house_styles/all_images/103_615e0fa4.jpg),1.0009,0.0009,0.0
357_27ab49c8.jpg,(datasets/house_styles/all_images/357_27ab49c8.jpg),052_f4f97004.jpg,(datasets/house_styles/all_images/052_f4f97004.jpg),0.9991,0.0009,0.0
419_b4f308b3.jpg,(datasets/house_styles/all_images/419_b4f308b3.jpg),112_e6cb24b4.jpg,(datasets/house_styles/all_images/112_e6cb24b4.jpg),0.9989,0.0011,0.0
454_3180c2dd.jpg,(datasets/house_styles/all_images/454_3180c2dd.jpg),018_d675e0cc.jpg,(datasets/house_styles/all_images/018_d675e0cc.jpg),1.0012,0.0012,0.0
125_b3f68f40.jpg,(datasets/house_styles/all_images/125_b3f68f40.jpg),141_965cfe04.jpg,(datasets/house_styles/all_images/141_965cfe04.jpg),1.0012,0.0012,0.0
153_acb5cd48.jpg,(datasets/house_styles/all_images/153_acb5cd48.jpg),035_6e7ff66b.jpg,(datasets/house_styles/all_images/035_6e7ff66b.jpg),0.9988,0.0012,0.0
257_f1b4cd5b.jpg,(datasets/house_styles/all_images/257_f1b4cd5b.jpg),394_8fc176b2.jpg,(datasets/house_styles/all_images/394_8fc176b2.jpg),1.0012,0.0012,0.0
001_d2c7428a.jpg,(datasets/house_styles/all_images/001_d2c7428a.jpg),067_c93d4864.jpg,(datasets/house_styles/all_images/067_c93d4864.jpg),0.9986,0.0014,0.0
245_1557cb25.jpg,(datasets/house_styles/all_images/245_1557cb25.jpg),388_fbd9baa1.jpg,(datasets/house_styles/all_images/388_fbd9baa1.jpg),0.9985,0.0015,0.0
339_c832b6cc.jpg,(datasets/house_styles/all_images/339_c832b6cc.jpg),096_0dc661af.jpg,(datasets/house_styles/all_images/096_0dc661af.jpg),0.9985,0.0015,0.0
040_6ddfd3e7.jpg,(datasets/house_styles/all_images/040_6ddfd3e7.jpg),098_cff86baa.jpg,(datasets/house_styles/all_images/098_cff86baa.jpg),0.9981,0.0019,0.0
245_1557cb25.jpg,(datasets/house_styles/all_images/245_1557cb25.jpg),079_3da41703.jpg,(datasets/house_styles/all_images/079_3da41703.jpg),0.9981,0.0019,0.0
357_27ab49c8.jpg,(datasets/house_styles/all_images/357_27ab49c8.jpg),382_761139e9.jpg,(datasets/house_styles/all_images/382_761139e9.jpg),1.0021,0.0021,0.0
043_0c48915e.jpg,(datasets/house_styles/all_images/043_0c48915e.jpg),129_50e2e0b5.jpg,(datasets/house_styles/all_images/129_50e2e0b5.jpg),1.0021,0.0021,0.0
115_bcdaf595.jpg,(datasets/house_styles/all_images/115_bcdaf595.jpg),172_f807dd8b.jpg,(datasets/house_styles/all_images/172_f807dd8b.jpg),1.0022,0.0022,0.0
019_61d9365b.jpg,(datasets/house_styles/all_images/019_61d9365b.jpg),002_8cdb5424.jpg,(datasets/house_styles/all_images/002_8cdb5424.jpg),0.9977,0.0023,0.0
428_5c14629a.jpg,(datasets/house_styles/all_images/428_5c14629a.jpg),097_41e7ad48.jpg,(datasets/house_styles/all_images/097_41e7ad48.jpg),0.9977,0.0023,0.0
175_9c8306c2.jpg,(datasets/house_styles/all_images/175_9c8306c2.jpg),164_45199ef9.jpg,(datasets/house_styles/all_images/164_45199ef9.jpg),0.9976,0.0024,0.0
040_6ddfd3e7.jpg,(datasets/house_styles/all_images/040_6ddfd3e7.jpg),097_41e7ad48.jpg,(datasets/house_styles/all_images/097_41e7ad48.jpg),0.9971,0.0029,0.0
280_78fc43a1.jpg,(datasets/house_styles/all_images/280_78fc43a1.jpg),002_8cdb5424.jpg,(datasets/house_styles/all_images/002_8cdb5424.jpg),0.997,0.003,0.0
428_5c14629a.jpg,(datasets/house_styles/all_images/428_5c14629a.jpg),080_1bdfee05.jpg,(datasets/house_styles/all_images/080_1bdfee05.jpg),0.9967,0.0033,0.0
388_aa0bd42a.jpg,(datasets/house_styles/all_images/388_aa0bd42a.jpg),477_5cdcd6bf.jpg,(datasets/house_styles/all_images/477_5cdcd6bf.jpg),1.0033,0.0033,0.0
229_f79304e9.jpg,(datasets/house_styles/all_images/229_f79304e9.jpg),093_a5e0acc5.jpg,(datasets/house_styles/all_images/093_a5e0acc5.jpg),0.9967,0.0033,0.0
383_2e64dee6.jpg,(datasets/house_styles/all_images/383_2e64dee6.jpg),081_156ea596.jpg,(datasets/house_styles/all_images/081_156ea596.jpg),1.0034,0.0034,0.0
245_1557cb25.jpg,(datasets/house_styles/all_images/245_1557cb25.jpg),196_95e8f791.jpg,(datasets/house_styles/all_images/196_95e8f791.jpg),1.0037,0.0037,0.0
084_dae155bc.jpg,(datasets/house_styles/all_images/084_dae155bc.jpg),128_841a4e49.jpg,(datasets/house_styles/all_images/128_841a4e49.jpg),0.9962,0.0038,0.0
267_4433e7a0.jpg,(datasets/house_styles/all_images/267_4433e7a0.jpg),026_01045d0b.jpg,(datasets/house_styles/all_images/026_01045d0b.jpg),1.0038,0.0038,0.0
151_cffbc324.jpg,(datasets/house_styles/all_images/151_cffbc324.jpg),035_6e7ff66b.jpg,(datasets/house_styles/all_images/035_6e7ff66b.jpg),1.0039,0.0039,0.0
227_33071f4b.jpg,(datasets/house_styles/all_images/227_33071f4b.jpg),168_73a8fa29.jpg,(datasets/house_styles/all_images/168_73a8fa29.jpg),0.9961,0.0039,0.0
260_ff34f4ba.jpg,(datasets/house_styles/all_images/260_ff34f4ba.jpg),012_f438db3a.jpg,(datasets/house_styles/all_images/012_f438db3a.jpg),0.9959,0.0041,0.0
094_c29b2dc0.jpg,(datasets/house_styles/all_images/094_c29b2dc0.jpg),004_cabd9dfd.jpg,(datasets/house_styles/all_images/004_cabd9dfd.jpg),1.0042,0.0042,0.0
291_87a33ca7.jpg,(datasets/house_styles/all_images/291_87a33ca7.jpg),164_45199ef9.jpg,(datasets/house_styles/all_images/164_45199ef9.jpg),1.0044,0.0044,0.0
432_81c52798.jpg,(datasets/house_styles/all_images/432_81c52798.jpg),113_a877aa66.jpg,(datasets/house_styles/all_images/113_a877aa66.jpg),1.0045,0.0045,0.0
227_33071f4b.jpg,(datasets/house_styles/all_images/227_33071f4b.jpg),105_decde90f.jpg,(datasets/house_styles/all_images/105_decde90f.jpg),0.9955,0.0045,0.0
227_33071f4b.jpg,(datasets/house_styles/all_images/227_33071f4b.jpg),095_0a434ed3.jpg,(datasets/house_styles/all_images/095_0a434ed3.jpg),0.9955,0.0045,0.0
238_223f3e13.jpg,(datasets/house_styles/all_images/238_223f3e13.jpg),410_43ec7ac3.jpg,(datasets/house_styles/all_images/410_43ec7ac3.jpg),0.995,0.005,0.0
487_6af5bc71.jpg,(datasets/house_styles/all_images/487_6af5bc71.jpg),112_e6cb24b4.jpg,(datasets/house_styles/all_images/112_e6cb24b4.jpg),1.005,0.005,0.0
005_dbecd9c4.jpg,(datasets/house_styles/all_images/005_dbecd9c4.jpg),105_1c926771.jpg,(datasets/house_styles/all_images/105_1c926771.jpg),0.9949,0.0051,0.0
378_8983cba2.jpg,(datasets/house_styles/all_images/378_8983cba2.jpg),005_eda52226.jpg,(datasets/house_styles/all_images/005_eda52226.jpg),1.0053,0.0053,0.0
041_d7474487.jpg,(datasets/house_styles/all_images/041_d7474487.jpg),133_91a1133a.jpg,(datasets/house_styles/all_images/133_91a1133a.jpg),0.9946,0.0054,0.0
415_4b0724cb.jpg,(datasets/house_styles/all_images/415_4b0724cb.jpg),410_43ec7ac3.jpg,(datasets/house_styles/all_images/410_43ec7ac3.jpg),0.9944,0.0056,0.0
360_96bf2f72.jpg,(datasets/house_styles/all_images/360_96bf2f72.jpg),009_f852438c.jpg,(datasets/house_styles/all_images/009_f852438c.jpg),1.0056,0.0056,0.0
094_c29b2dc0.jpg,(datasets/house_styles/all_images/094_c29b2dc0.jpg),091_1e37e2fa.jpg,(datasets/house_styles/all_images/091_1e37e2fa.jpg),0.994,0.006,0.0
428_5c14629a.jpg,(datasets/house_styles/all_images/428_5c14629a.jpg),132_8e5fa493.jpg,(datasets/house_styles/all_images/132_8e5fa493.jpg),1.006,0.006,0.0
260_ff34f4ba.jpg,(datasets/house_styles/all_images/260_ff34f4ba.jpg),206_08d285c6.jpg,(datasets/house_styles/all_images/206_08d285c6.jpg),1.0061,0.0061,0.0
349_60f37449.jpg,(datasets/house_styles/all_images/349_60f37449.jpg),087_24c73d10.jpg,(datasets/house_styles/all_images/087_24c73d10.jpg),1.0062,0.0062,0.0
428_5c14629a.jpg,(datasets/house_styles/all_images/428_5c14629a.jpg),079_3da41703.jpg,(datasets/house_styles/all_images/079_3da41703.jpg),1.0063,0.0063,0.0
112_e6cb24b4.jpg,(datasets/house_styles/all_images/112_e6cb24b4.jpg),141_965cfe04.jpg,(datasets/house_styles/all_images/141_965cfe04.jpg),0.9936,0.0064,0.0
280_8efc2963.jpg,(datasets/house_styles/all_images/280_8efc2963.jpg),035_6e7ff66b.jpg,(datasets/house_styles/all_images/035_6e7ff66b.jpg),1.0066,0.0066,0.0
252_222859bd.jpg,(datasets/house_styles/all_images/252_222859bd.jpg),388_fbd9baa1.jpg,(datasets/house_styles/all_images/388_fbd9baa1.jpg),1.0068,0.0068,0.0
113_3b341645.jpg,(datasets/house_styles/all_images/113_3b341645.jpg),096_0dc661af.jpg,(datasets/house_styles/all_images/096_0dc661af.jpg),1.0071,0.0071,0.0
229_c8c54b60.jpg,(datasets/house_styles/all_images/229_c8c54b60.jpg),159_7b4fd689.jpg,(datasets/house_styles/all_images/159_7b4fd689.jpg),0.9927,0.0073,0.0
349_60f37449.jpg,(datasets/house_styles/all_images/349_60f37449.jpg),197_3ef925ed.jpg,(datasets/house_styles/all_images/197_3ef925ed.jpg),1.0074,0.0074,0.0
487_6af5bc71.jpg,(datasets/house_styles/all_images/487_6af5bc71.jpg),310_10bdb154.jpg,(datasets/house_styles/all_images/310_10bdb154.jpg),1.0076,0.0076,0.0
142_12fc668a.jpg,(datasets/house_styles/all_images/142_12fc668a.jpg),164_45199ef9.jpg,(datasets/house_styles/all_images/164_45199ef9.jpg),1.0079,0.0079,0.0
137_16e3cfb6.jpg,(datasets/house_styles/all_images/137_16e3cfb6.jpg),245_579b3304.jpg,(datasets/house_styles/all_images/245_579b3304.jpg),1.008,0.008,0.0
260_ff34f4ba.jpg,(datasets/house_styles/all_images/260_ff34f4ba.jpg),194_a66427af.jpg,(datasets/house_styles/all_images/194_a66427af.jpg),1.0083,0.0083,0.0
487_6af5bc71.jpg,(datasets/house_styles/all_images/487_6af5bc71.jpg),382_761139e9.jpg,(datasets/house_styles/all_images/382_761139e9.jpg),0.9917,0.0083,0.0
415_4b0724cb.jpg,(datasets/house_styles/all_images/415_4b0724cb.jpg),125_743047fb.jpg,(datasets/house_styles/all_images/125_743047fb.jpg),0.9915,0.0085,0.0
112_f21e8af7.jpg,(datasets/house_styles/all_images/112_f21e8af7.jpg),019_61d9365b.jpg,(datasets/house_styles/all_images/019_61d9365b.jpg),1.0086,0.0086,0.0
516_8a0a07fe.jpg,(datasets/house_styles/all_images/516_8a0a07fe.jpg),142_a3bbdd3d.jpg,(datasets/house_styles/all_images/142_a3bbdd3d.jpg),1.0087,0.0087,0.0
443_c3788bc5.jpg,(datasets/house_styles/all_images/443_c3788bc5.jpg),080_1bdfee05.jpg,(datasets/house_styles/all_images/080_1bdfee05.jpg),0.9912,0.0088,0.0
477_5cdcd6bf.jpg,(datasets/house_styles/all_images/477_5cdcd6bf.jpg),002_8cdb5424.jpg,(datasets/house_styles/all_images/002_8cdb5424.jpg),1.0088,0.0088,0.0
474_ebf934b6.jpg,(datasets/house_styles/all_images/474_ebf934b6.jpg),023_5efdbc2d.jpg,(datasets/house_styles/all_images/023_5efdbc2d.jpg),0.9909,0.0091,0.0
078_9e2d5f02.jpg,(datasets/house_styles/all_images/078_9e2d5f02.jpg),103_e1440563.jpg,(datasets/house_styles/all_images/103_e1440563.jpg),1.0095,0.0095,0.0
346_e98ba7a9.jpg,(datasets/house_styles/all_images/346_e98ba7a9.jpg),067_6de6b577.jpg,(datasets/house_styles/all_images/067_6de6b577.jpg),0.9905,0.0095,0.0
149_0d19bc77.jpg,(datasets/house_styles/all_images/149_0d19bc77.jpg),053_9f014739.jpg,(datasets/house_styles/all_images/053_9f014739.jpg),1.0096,0.0096,0.0
449_f4fc9f5c.jpg,(datasets/house_styles/all_images/449_f4fc9f5c.jpg),136_9f1a39c1.jpg,(datasets/house_styles/all_images/136_9f1a39c1.jpg),0.9902,0.0098,0.0
149_0d19bc77.jpg,(datasets/house_styles/all_images/149_0d19bc77.jpg),262_8a21b6d1.jpg,(datasets/house_styles/all_images/262_8a21b6d1.jpg),0.9902,0.0098,0.0
432_81c52798.jpg,(datasets/house_styles/all_images/432_81c52798.jpg),092_0cd80084.jpg,(datasets/house_styles/all_images/092_0cd80084.jpg),1.0099,0.0099,0.0
356_efd8fc80.jpg,(datasets/house_styles/all_images/356_efd8fc80.jpg),135_8c978f4e.jpg,(datasets/house_styles/all_images/135_8c978f4e.jpg),0.9896,0.0104,0.0
355_a1185a91.jpg,(datasets/house_styles/all_images/355_a1185a91.jpg),260_ff34f4ba.jpg,(datasets/house_styles/all_images/260_ff34f4ba.jpg),1.0107,0.0107,0.0
539_897f21ca.jpg,(datasets/house_styles/all_images/539_897f21ca.jpg),034_ad26fac6.jpg,(datasets/house_styles/all_images/034_ad26fac6.jpg),1.0108,0.0108,0.0
131_1251d4eb.jpg,(datasets/house_styles/all_images/131_1251d4eb.jpg),156_55935f6b.jpg,(datasets/house_styles/all_images/156_55935f6b.jpg),1.0109,0.0109,0.0
172_fb1c801f.jpg,(datasets/house_styles/all_images/172_fb1c801f.jpg),005_eda52226.jpg,(datasets/house_styles/all_images/005_eda52226.jpg),0.9891,0.0109,0.0
388_aa0bd42a.jpg,(datasets/house_styles/all_images/388_aa0bd42a.jpg),084_dae155bc.jpg,(datasets/house_styles/all_images/084_dae155bc.jpg),0.9889,0.0111,0.0
363_12412886.jpg,(datasets/house_styles/all_images/363_12412886.jpg),432_81c52798.jpg,(datasets/house_styles/all_images/432_81c52798.jpg),0.9883,0.0117,0.0
094_c29b2dc0.jpg,(datasets/house_styles/all_images/094_c29b2dc0.jpg),194_a66427af.jpg,(datasets/house_styles/all_images/194_a66427af.jpg),0.9881,0.0119,0.0
253_4be9d181.jpg,(datasets/house_styles/all_images/253_4be9d181.jpg),118_d035210b.jpg,(datasets/house_styles/all_images/118_d035210b.jpg),0.988,0.012,0.0
339_c832b6cc.jpg,(datasets/house_styles/all_images/339_c832b6cc.jpg),216_8570669c.jpg,(datasets/house_styles/all_images/216_8570669c.jpg),1.0121,0.0121,0.0
324_b65d6469.jpg,(datasets/house_styles/all_images/324_b65d6469.jpg),089_23d6d672.jpg,(datasets/house_styles/all_images/089_23d6d672.jpg),0.9875,0.0125,0.0
245_579b3304.jpg,(datasets/house_styles/all_images/245_579b3304.jpg),017_d780b748.jpg,(datasets/house_styles/all_images/017_d780b748.jpg),1.0126,0.0126,0.0
068_dc83e73a.jpg,(datasets/house_styles/all_images/068_dc83e73a.jpg),474_ebf934b6.jpg,(datasets/house_styles/all_images/474_ebf934b6.jpg),1.0127,0.0127,0.0
212_af89d52d.jpg,(datasets/house_styles/all_images/212_af89d52d.jpg),164_45199ef9.jpg,(datasets/house_styles/all_images/164_45199ef9.jpg),0.987,0.013,0.0
044_d4a75e1b.jpg,(datasets/house_styles/all_images/044_d4a75e1b.jpg),223_ad04fd37.jpg,(datasets/house_styles/all_images/223_ad04fd37.jpg),1.0132,0.0132,0.0
153_acb5cd48.jpg,(datasets/house_styles/all_images/153_acb5cd48.jpg),034_ad26fac6.jpg,(datasets/house_styles/all_images/034_ad26fac6.jpg),0.9867,0.0133,0.0
406_e5e906d6.jpg,(datasets/house_styles/all_images/406_e5e906d6.jpg),356_efd8fc80.jpg,(datasets/house_styles/all_images/356_efd8fc80.jpg),0.9862,0.0138,0.0
389_08eeac29.jpg,(datasets/house_styles/all_images/389_08eeac29.jpg),272_3262745c.jpg,(datasets/house_styles/all_images/272_3262745c.jpg),1.0139,0.0139,0.0
163_83960f4c.jpg,(datasets/house_styles/all_images/163_83960f4c.jpg),095_0a434ed3.jpg,(datasets/house_styles/all_images/095_0a434ed3.jpg),0.9859,0.0141,0.0
406_e5e906d6.jpg,(datasets/house_styles/all_images/406_e5e906d6.jpg),104_0b145adc.jpg,(datasets/house_styles/all_images/104_0b145adc.jpg),1.0142,0.0142,0.0
272_3262745c.jpg,(datasets/house_styles/all_images/272_3262745c.jpg),221_cbdbfa68.jpg,(datasets/house_styles/all_images/221_cbdbfa68.jpg),0.9858,0.0142,0.0
184_4eb75826.jpg,(datasets/house_styles/all_images/184_4eb75826.jpg),105_1c926771.jpg,(datasets/house_styles/all_images/105_1c926771.jpg),0.9857,0.0143,0.0
061_b65cd27e.jpg,(datasets/house_styles/all_images/061_b65cd27e.jpg),193_365009dc.jpg,(datasets/house_styles/all_images/193_365009dc.jpg),1.0144,0.0144,0.0
061_b65cd27e.jpg,(datasets/house_styles/all_images/061_b65cd27e.jpg),202_55578dea.jpg,(datasets/house_styles/all_images/202_55578dea.jpg),1.0144,0.0144,0.0
166_cb292a05.jpg,(datasets/house_styles/all_images/166_cb292a05.jpg),295_cf4856da.jpg,(datasets/house_styles/all_images/295_cf4856da.jpg),1.0144,0.0144,0.0
144_cb90f7ea.jpg,(datasets/house_styles/all_images/144_cb90f7ea.jpg),080_1bdfee05.jpg,(datasets/house_styles/all_images/080_1bdfee05.jpg),1.0145,0.0145,0.0
137_16e3cfb6.jpg,(datasets/house_styles/all_images/137_16e3cfb6.jpg),136_976f1a71.jpg,(datasets/house_styles/all_images/136_976f1a71.jpg),1.0146,0.0146,0.0
384_7bba4266.jpg,(datasets/house_styles/all_images/384_7bba4266.jpg),027_07aeccc3.jpg,(datasets/house_styles/all_images/027_07aeccc3.jpg),0.9854,0.0146,0.0
360_28ef686b.jpg,(datasets/house_styles/all_images/360_28ef686b.jpg),156_55935f6b.jpg,(datasets/house_styles/all_images/156_55935f6b.jpg),0.9853,0.0147,0.0
273_95a29a86.jpg,(datasets/house_styles/all_images/273_95a29a86.jpg),155_732ad883.jpg,(datasets/house_styles/all_images/155_732ad883.jpg),0.985,0.015,0.0
184_4eb75826.jpg,(datasets/house_styles/all_images/184_4eb75826.jpg),008_a0cf2e04.jpg,(datasets/house_styles/all_images/008_a0cf2e04.jpg),1.0151,0.0151,0.0
153_acb5cd48.jpg,(datasets/house_styles/all_images/153_acb5cd48.jpg),175_d61edc30.jpg,(datasets/house_styles/all_images/175_d61edc30.jpg),0.9847,0.0153,0.0
441_56cba3a9.jpg,(datasets/house_styles/all_images/441_56cba3a9.jpg),156_55935f6b.jpg,(datasets/house_styles/all_images/156_55935f6b.jpg),1.0154,0.0154,0.0
454_3180c2dd.jpg,(datasets/house_styles/all_images/454_3180c2dd.jpg),002_8cdb5424.jpg,(datasets/house_styles/all_images/002_8cdb5424.jpg),0.9842,0.0158,0.0
233_ca38f1ee.jpg,(datasets/house_styles/all_images/233_ca38f1ee.jpg),003_4600a7ff.jpg,(datasets/house_styles/all_images/003_4600a7ff.jpg),0.984,0.016,0.0
453_d7b5d246.jpg,(datasets/house_styles/all_images/453_d7b5d246.jpg),215_23b53307.jpg,(datasets/house_styles/all_images/215_23b53307.jpg),0.9839,0.0161,0.0
155_732ad883.jpg,(datasets/house_styles/all_images/155_732ad883.jpg),188_9b067c58.jpg,(datasets/house_styles/all_images/188_9b067c58.jpg),0.9834,0.0166,0.0
078_9e2d5f02.jpg,(datasets/house_styles/all_images/078_9e2d5f02.jpg),034_ad26fac6.jpg,(datasets/house_styles/all_images/034_ad26fac6.jpg),1.0167,0.0167,0.0
338_ad39cc5d.jpg,(datasets/house_styles/all_images/338_ad39cc5d.jpg),122_ddafaefd.jpg,(datasets/house_styles/all_images/122_ddafaefd.jpg),0.9832,0.0168,0.0
043_0c48915e.jpg,(datasets/house_styles/all_images/043_0c48915e.jpg),136_9f1a39c1.jpg,(datasets/house_styles/all_images/136_9f1a39c1.jpg),1.0168,0.0168,0.0
121_62c24d44.jpg,(datasets/house_styles/all_images/121_62c24d44.jpg),105_1c926771.jpg,(datasets/house_styles/all_images/105_1c926771.jpg),1.0168,0.0168,0.0
219_d4a22bde.jpg,(datasets/house_styles/all_images/219_d4a22bde.jpg),114_dd2dcd98.jpg,(datasets/house_styles/all_images/114_dd2dcd98.jpg),1.0169,0.0169,0.0
123_d5fed066.jpg,(datasets/house_styles/all_images/123_d5fed066.jpg),057_28786773.jpg,(datasets/house_styles/all_images/057_28786773.jpg),1.0169,0.0169,0.0
121_62c24d44.jpg,(datasets/house_styles/all_images/121_62c24d44.jpg),234_25b7959b.jpg,(datasets/house_styles/all_images/234_25b7959b.jpg),0.9829,0.0171,0.0
294_3260f65d.jpg,(datasets/house_styles/all_images/294_3260f65d.jpg),130_3436e91b.jpg,(datasets/house_styles/all_images/130_3436e91b.jpg),1.0173,0.0173,0.0
084_dae155bc.jpg,(datasets/house_styles/all_images/084_dae155bc.jpg),080_1bdfee05.jpg,(datasets/house_styles/all_images/080_1bdfee05.jpg),0.9825,0.0175,0.0
233_ca38f1ee.jpg,(datasets/house_styles/all_images/233_ca38f1ee.jpg),199_e4e5df84.jpg,(datasets/house_styles/all_images/199_e4e5df84.jpg),0.9824,0.0176,0.0
225_25606f44.jpg,(datasets/house_styles/all_images/225_25606f44.jpg),284_404c75b4.jpg,(datasets/house_styles/all_images/284_404c75b4.jpg),1.0178,0.0178,0.0
031_a6f9a9fe.jpg,(datasets/house_styles/all_images/031_a6f9a9fe.jpg),245_579b3304.jpg,(datasets/house_styles/all_images/245_579b3304.jpg),0.9819,0.0181,0.0
121_62c24d44.jpg,(datasets/house_styles/all_images/121_62c24d44.jpg),093_94e91f0f.jpg,(datasets/house_styles/all_images/093_94e91f0f.jpg),0.9818,0.0182,0.0
386_03e0eca7.jpg,(datasets/house_styles/all_images/386_03e0eca7.jpg),027_07aeccc3.jpg,(datasets/house_styles/all_images/027_07aeccc3.jpg),1.0186,0.0186,0.0
394_8fc176b2.jpg,(datasets/house_styles/all_images/394_8fc176b2.jpg),077_fd3da9e2.jpg,(datasets/house_styles/all_images/077_fd3da9e2.jpg),1.0186,0.0186,0.0
112_f21e8af7.jpg,(datasets/house_styles/all_images/112_f21e8af7.jpg),087_24c73d10.jpg,(datasets/house_styles/all_images/087_24c73d10.jpg),0.981,0.019,0.0
539_897f21ca.jpg,(datasets/house_styles/all_images/539_897f21ca.jpg),087_24c73d10.jpg,(datasets/house_styles/all_images/087_24c73d10.jpg),1.0192,0.0192,0.0
041_d7474487.jpg,(datasets/house_styles/all_images/041_d7474487.jpg),061_b65cd27e.jpg,(datasets/house_styles/all_images/061_b65cd27e.jpg),1.0194,0.0194,0.0
299_6f2be194.jpg,(datasets/house_styles/all_images/299_6f2be194.jpg),292_4b1685e4.jpg,(datasets/house_styles/all_images/292_4b1685e4.jpg),1.0195,0.0195,0.0
477_5cdcd6bf.jpg,(datasets/house_styles/all_images/477_5cdcd6bf.jpg),096_0dc661af.jpg,(datasets/house_styles/all_images/096_0dc661af.jpg),1.0196,0.0196,0.0
041_d7474487.jpg,(datasets/house_styles/all_images/041_d7474487.jpg),172_f807dd8b.jpg,(datasets/house_styles/all_images/172_f807dd8b.jpg),1.0197,0.0197,0.0
252_222859bd.jpg,(datasets/house_styles/all_images/252_222859bd.jpg),035_6e7ff66b.jpg,(datasets/house_styles/all_images/035_6e7ff66b.jpg),0.9802,0.0198,0.0
166_cb292a05.jpg,(datasets/house_styles/all_images/166_cb292a05.jpg),465_fcc8719d.jpg,(datasets/house_styles/all_images/465_fcc8719d.jpg),0.9801,0.0199,0.0
297_e9c8dc5c.jpg,(datasets/house_styles/all_images/297_e9c8dc5c.jpg),164_45199ef9.jpg,(datasets/house_styles/all_images/164_45199ef9.jpg),0.9801,0.0199,0.0
267_4433e7a0.jpg,(datasets/house_styles/all_images/267_4433e7a0.jpg),093_a5e0acc5.jpg,(datasets/house_styles/all_images/093_a5e0acc5.jpg),0.98,0.02,0.0
368_20d72c3b.jpg,(datasets/house_styles/all_images/368_20d72c3b.jpg),069_3a6f2b43.jpg,(datasets/house_styles/all_images/069_3a6f2b43.jpg),0.9797,0.0203,0.0
284_1d326f0c.jpg,(datasets/house_styles/all_images/284_1d326f0c.jpg),129_50e2e0b5.jpg,(datasets/house_styles/all_images/129_50e2e0b5.jpg),1.0204,0.0204,0.0
050_ffb00e12.jpg,(datasets/house_styles/all_images/050_ffb00e12.jpg),080_1bdfee05.jpg,(datasets/house_styles/all_images/080_1bdfee05.jpg),0.9796,0.0204,0.0
507_7d484885.jpg,(datasets/house_styles/all_images/507_7d484885.jpg),193_365009dc.jpg,(datasets/house_styles/all_images/193_365009dc.jpg),1.0206,0.0206,0.0
018_64add206.jpg,(datasets/house_styles/all_images/018_64add206.jpg),026_01045d0b.jpg,(datasets/house_styles/all_images/026_01045d0b.jpg),0.9793,0.0207,0.0
233_ca38f1ee.jpg,(datasets/house_styles/all_images/233_ca38f1ee.jpg),255_c44d1f35.jpg,(datasets/house_styles/all_images/255_c44d1f35.jpg),0.9791,0.0209,0.0
048_0a8b5dde.jpg,(datasets/house_styles/all_images/048_0a8b5dde.jpg),155_732ad883.jpg,(datasets/house_styles/all_images/155_732ad883.jpg),1.0212,0.0212,0.0
172_fb1c801f.jpg,(datasets/house_styles/all_images/172_fb1c801f.jpg),184_ad1b48b8.jpg,(datasets/house_styles/all_images/184_ad1b48b8.jpg),0.9786,0.0214,0.0
280_8efc2963.jpg,(datasets/house_styles/all_images/280_8efc2963.jpg),382_761139e9.jpg,(datasets/house_styles/all_images/382_761139e9.jpg),1.0214,0.0214,0.0
136_976f1a71.jpg,(datasets/house_styles/all_images/136_976f1a71.jpg),093_a5e0acc5.jpg,(datasets/house_styles/all_images/093_a5e0acc5.jpg),1.0215,0.0215,0.0
441_56cba3a9.jpg,(datasets/house_styles/all_images/441_56cba3a9.jpg),032_1fae6650.jpg,(datasets/house_styles/all_images/032_1fae6650.jpg),0.9784,0.0216,0.0
419_b4f308b3.jpg,(datasets/house_styles/all_images/419_b4f308b3.jpg),060_26c18ddf.jpg,(datasets/house_styles/all_images/060_26c18ddf.jpg),1.0219,0.0219,0.0
419_b4f308b3.jpg,(datasets/house_styles/all_images/419_b4f308b3.jpg),504_06424815.jpg,(datasets/house_styles/all_images/504_06424815.jpg),1.0219,0.0219,0.0
291_87a33ca7.jpg,(datasets/house_styles/all_images/291_87a33ca7.jpg),432_81c52798.jpg,(datasets/house_styles/all_images/432_81c52798.jpg),0.978,0.022,0.0
252_222859bd.jpg,(datasets/house_styles/all_images/252_222859bd.jpg),002_8cdb5424.jpg,(datasets/house_styles/all_images/002_8cdb5424.jpg),1.022,0.022,0.0
021_25ad37e4.jpg,(datasets/house_styles/all_images/021_25ad37e4.jpg),172_f807dd8b.jpg,(datasets/house_styles/all_images/172_f807dd8b.jpg),1.0221,0.0221,0.0
137_16e3cfb6.jpg,(datasets/house_styles/all_images/137_16e3cfb6.jpg),469_1ad24162.jpg,(datasets/house_styles/all_images/469_1ad24162.jpg),0.9779,0.0221,0.0
054_37cbf3d3.jpg,(datasets/house_styles/all_images/054_37cbf3d3.jpg),021_6cb715ac.jpg,(datasets/house_styles/all_images/021_6cb715ac.jpg),1.0223,0.0223,0.0
190_48347536.jpg,(datasets/house_styles/all_images/190_48347536.jpg),022_f8c73e27.jpg,(datasets/house_styles/all_images/022_f8c73e27.jpg),0.9775,0.0225,0.0
131_1251d4eb.jpg,(datasets/house_styles/all_images/131_1251d4eb.jpg),012_f438db3a.jpg,(datasets/house_styles/all_images/012_f438db3a.jpg),0.9775,0.0225,0.0
055_55fbf3ef.jpg,(datasets/house_styles/all_images/055_55fbf3ef.jpg),141_965cfe04.jpg,(datasets/house_styles/all_images/141_965cfe04.jpg),0.9775,0.0225,0.0
167_65150acf.jpg,(datasets/house_styles/all_images/167_65150acf.jpg),077_fd3da9e2.jpg,(datasets/house_styles/all_images/077_fd3da9e2.jpg),1.0226,0.0226,0.0
105_1c926771.jpg,(datasets/house_styles/all_images/105_1c926771.jpg),132_8e5fa493.jpg,(datasets/house_styles/all_images/132_8e5fa493.jpg),1.0226,0.0226,0.0
524_adfc8645.jpg,(datasets/house_styles/all_images/524_adfc8645.jpg),009_f852438c.jpg,(datasets/house_styles/all_images/009_f852438c.jpg),0.9772,0.0228,0.0
227_33071f4b.jpg,(datasets/house_styles/all_images/227_33071f4b.jpg),021_6cb715ac.jpg,(datasets/house_styles/all_images/021_6cb715ac.jpg),1.0229,0.0229,0.0
149_0d19bc77.jpg,(datasets/house_styles/all_images/149_0d19bc77.jpg),310_10bdb154.jpg,(datasets/house_styles/all_images/310_10bdb154.jpg),1.0235,0.0235,0.0
100_b2a006af.jpg,(datasets/house_styles/all_images/100_b2a006af.jpg),439_cbec03f0.jpg,(datasets/house_styles/all_images/439_cbec03f0.jpg),0.9764,0.0236,0.0
376_3473d618.jpg,(datasets/house_styles/all_images/376_3473d618.jpg),315_59373113.jpg,(datasets/house_styles/all_images/315_59373113.jpg),1.024,0.024,0.0
389_08eeac29.jpg,(datasets/house_styles/all_images/389_08eeac29.jpg),045_9fea1e51.jpg,(datasets/house_styles/all_images/045_9fea1e51.jpg),1.024,0.024,0.0
229_c8c54b60.jpg,(datasets/house_styles/all_images/229_c8c54b60.jpg),194_a66427af.jpg,(datasets/house_styles/all_images/194_a66427af.jpg),0.9755,0.0245,0.0
121_62c24d44.jpg,(datasets/house_styles/all_images/121_62c24d44.jpg),067_c93d4864.jpg,(datasets/house_styles/all_images/067_c93d4864.jpg),1.0246,0.0246,0.0
227_33071f4b.jpg,(datasets/house_styles/all_images/227_33071f4b.jpg),045_9fea1e51.jpg,(datasets/house_styles/all_images/045_9fea1e51.jpg),1.0255,0.0255,0.0
116_32f01ef6.jpg,(datasets/house_styles/all_images/116_32f01ef6.jpg),057_28786773.jpg,(datasets/house_styles/all_images/057_28786773.jpg),0.9743,0.0257,0.0
136_976f1a71.jpg,(datasets/house_styles/all_images/136_976f1a71.jpg),067_6de6b577.jpg,(datasets/house_styles/all_images/067_6de6b577.jpg),1.0257,0.0257,0.0
007_64a3e2e9.jpg,(datasets/house_styles/all_images/007_64a3e2e9.jpg),154_dc6f5bd3.jpg,(datasets/house_styles/all_images/154_dc6f5bd3.jpg),1.0257,0.0257,0.0
041_9c259b38.jpg,(datasets/house_styles/all_images/041_9c259b38.jpg),132_8e5fa493.jpg,(datasets/house_styles/all_images/132_8e5fa493.jpg),1.0259,0.0259,0.0
516_8a0a07fe.jpg,(datasets/house_styles/all_images/516_8a0a07fe.jpg),175_d61edc30.jpg,(datasets/house_styles/all_images/175_d61edc30.jpg),1.026,0.026,0.0
294_f336ba11.jpg,(datasets/house_styles/all_images/294_f336ba11.jpg),098_cff86baa.jpg,(datasets/house_styles/all_images/098_cff86baa.jpg),0.974,0.026,0.0
202_698495e0.jpg,(datasets/house_styles/all_images/202_698495e0.jpg),133_91a1133a.jpg,(datasets/house_styles/all_images/133_91a1133a.jpg),0.9738,0.0262,0.0
050_ffb00e12.jpg,(datasets/house_styles/all_images/050_ffb00e12.jpg),021_6cb715ac.jpg,(datasets/house_styles/all_images/021_6cb715ac.jpg),1.0269,0.0269,0.0
068_b5fe6a9b.jpg,(datasets/house_styles/all_images/068_b5fe6a9b.jpg),108_c76f77e2.jpg,(datasets/house_styles/all_images/108_c76f77e2.jpg),1.027,0.027,0.0
339_c832b6cc.jpg,(datasets/house_styles/all_images/339_c832b6cc.jpg),053_9f014739.jpg,(datasets/house_styles/all_images/053_9f014739.jpg),1.0276,0.0276,0.0
376_3473d618.jpg,(datasets/house_styles/all_images/376_3473d618.jpg),079_3da41703.jpg,(datasets/house_styles/all_images/079_3da41703.jpg),1.0278,0.0278,0.0
272_3262745c.jpg,(datasets/house_styles/all_images/272_3262745c.jpg),206_08d285c6.jpg,(datasets/house_styles/all_images/206_08d285c6.jpg),0.9718,0.0282,0.0
041_d7474487.jpg,(datasets/house_styles/all_images/041_d7474487.jpg),223_ad04fd37.jpg,(datasets/house_styles/all_images/223_ad04fd37.jpg),1.0283,0.0283,0.0
208_78b28f8b.jpg,(datasets/house_styles/all_images/208_78b28f8b.jpg),106_253755c1.jpg,(datasets/house_styles/all_images/106_253755c1.jpg),1.0283,0.0283,0.0
130_1d93de4f.jpg,(datasets/house_styles/all_images/130_1d93de4f.jpg),018_d675e0cc.jpg,(datasets/house_styles/all_images/018_d675e0cc.jpg),1.0286,0.0286,0.0
394_8fc176b2.jpg,(datasets/house_styles/all_images/394_8fc176b2.jpg),206_08d285c6.jpg,(datasets/house_styles/all_images/206_08d285c6.jpg),0.9713,0.0287,0.0
342_9ee8b214.jpg,(datasets/house_styles/all_images/342_9ee8b214.jpg),006_ec7e3943.jpg,(datasets/house_styles/all_images/006_ec7e3943.jpg),1.0289,0.0289,0.0
355_a1185a91.jpg,(datasets/house_styles/all_images/355_a1185a91.jpg),251_a8ad17be.jpg,(datasets/house_styles/all_images/251_a8ad17be.jpg),0.971,0.029,0.0
238_223f3e13.jpg,(datasets/house_styles/all_images/238_223f3e13.jpg),184_ad1b48b8.jpg,(datasets/house_styles/all_images/184_ad1b48b8.jpg),0.9705,0.0295,0.0
386_03e0eca7.jpg,(datasets/house_styles/all_images/386_03e0eca7.jpg),182_b43618bc.jpg,(datasets/house_styles/all_images/182_b43618bc.jpg),1.0296,0.0296,0.0
389_08eeac29.jpg,(datasets/house_styles/all_images/389_08eeac29.jpg),018_d675e0cc.jpg,(datasets/house_styles/all_images/018_d675e0cc.jpg),0.9703,0.0297,0.0
163_83960f4c.jpg,(datasets/house_styles/all_images/163_83960f4c.jpg),164_45199ef9.jpg,(datasets/house_styles/all_images/164_45199ef9.jpg),0.9702,0.0298,0.0
252_222859bd.jpg,(datasets/house_styles/all_images/252_222859bd.jpg),012_f438db3a.jpg,(datasets/house_styles/all_images/012_f438db3a.jpg),0.9699,0.0301,0.0
360_28ef686b.jpg,(datasets/house_styles/all_images/360_28ef686b.jpg),009_f852438c.jpg,(datasets/house_styles/all_images/009_f852438c.jpg),0.9699,0.0301,0.0
001_d2c7428a.jpg,(datasets/house_styles/all_images/001_d2c7428a.jpg),095_0a434ed3.jpg,(datasets/house_styles/all_images/095_0a434ed3.jpg),1.0306,0.0306,0.0
348_c8533d76.jpg,(datasets/house_styles/all_images/348_c8533d76.jpg),132_8e5fa493.jpg,(datasets/house_styles/all_images/132_8e5fa493.jpg),1.0306,0.0306,0.0
144_cb90f7ea.jpg,(datasets/house_styles/all_images/144_cb90f7ea.jpg),190_c9f886f6.jpg,(datasets/house_styles/all_images/190_c9f886f6.jpg),1.0307,0.0307,0.0
280_8efc2963.jpg,(datasets/house_styles/all_images/280_8efc2963.jpg),108_c76f77e2.jpg,(datasets/house_styles/all_images/108_c76f77e2.jpg),0.9693,0.0307,0.0
213_80e87065.jpg,(datasets/house_styles/all_images/213_80e87065.jpg),061_b65cd27e.jpg,(datasets/house_styles/all_images/061_b65cd27e.jpg),0.9693,0.0307,0.0
050_ffb00e12.jpg,(datasets/house_styles/all_images/050_ffb00e12.jpg),028_977e3b62.jpg,(datasets/house_styles/all_images/028_977e3b62.jpg),1.0308,0.0308,0.0
142_12fc668a.jpg,(datasets/house_styles/all_images/142_12fc668a.jpg),077_fd3da9e2.jpg,(datasets/house_styles/all_images/077_fd3da9e2.jpg),0.969,0.031,0.0
384_7bba4266.jpg,(datasets/house_styles/all_images/384_7bba4266.jpg),172_fb1c801f.jpg,(datasets/house_styles/all_images/172_fb1c801f.jpg),1.031,0.031,0.0
250_27aa4502.jpg,(datasets/house_styles/all_images/250_27aa4502.jpg),034_ad26fac6.jpg,(datasets/house_styles/all_images/034_ad26fac6.jpg),0.9689,0.0311,0.0
048_0a8b5dde.jpg,(datasets/house_styles/all_images/048_0a8b5dde.jpg),147_579b3c29.jpg,(datasets/house_styles/all_images/147_579b3c29.jpg),1.0313,0.0313,0.0
284_1d326f0c.jpg,(datasets/house_styles/all_images/284_1d326f0c.jpg),106_253755c1.jpg,(datasets/house_styles/all_images/106_253755c1.jpg),0.9687,0.0313,0.0
295_cf4856da.jpg,(datasets/house_styles/all_images/295_cf4856da.jpg),107_01540c65.jpg,(datasets/house_styles/all_images/107_01540c65.jpg),0.9687,0.0313,0.0
005_dbecd9c4.jpg,(datasets/house_styles/all_images/005_dbecd9c4.jpg),394_8fc176b2.jpg,(datasets/house_styles/all_images/394_8fc176b2.jpg),0.9686,0.0314,0.0
048_0a8b5dde.jpg,(datasets/house_styles/all_images/048_0a8b5dde.jpg),516_8a0a07fe.jpg,(datasets/house_styles/all_images/516_8a0a07fe.jpg),0.9683,0.0317,0.0
208_78b28f8b.jpg,(datasets/house_styles/all_images/208_78b28f8b.jpg),086_80f8f853.jpg,(datasets/house_styles/all_images/086_80f8f853.jpg),0.9683,0.0317,0.0
280_8efc2963.jpg,(datasets/house_styles/all_images/280_8efc2963.jpg),136_9f1a39c1.jpg,(datasets/house_styles/all_images/136_9f1a39c1.jpg),1.0318,0.0318,0.0
343_354bff03.jpg,(datasets/house_styles/all_images/343_354bff03.jpg),272_3262745c.jpg,(datasets/house_styles/all_images/272_3262745c.jpg),1.032,0.032,0.0
043_0c48915e.jpg,(datasets/house_styles/all_images/043_0c48915e.jpg),053_9f014739.jpg,(datasets/house_styles/all_images/053_9f014739.jpg),0.968,0.032,0.0
477_5cdcd6bf.jpg,(datasets/house_styles/all_images/477_5cdcd6bf.jpg),011_a7b790e1.jpg,(datasets/house_styles/all_images/011_a7b790e1.jpg),1.0322,0.0322,0.0
005_dbecd9c4.jpg,(datasets/house_styles/all_images/005_dbecd9c4.jpg),356_efd8fc80.jpg,(datasets/house_styles/all_images/356_efd8fc80.jpg),1.0322,0.0322,0.0
131_1251d4eb.jpg,(datasets/house_styles/all_images/131_1251d4eb.jpg),476_018c324b.jpg,(datasets/house_styles/all_images/476_018c324b.jpg),0.9678,0.0322,0.0
042_636dd3d3.jpg,(datasets/house_styles/all_images/042_636dd3d3.jpg),234_25b7959b.jpg,(datasets/house_styles/all_images/234_25b7959b.jpg),1.0325,0.0325,0.0
388_fbd9baa1.jpg,(datasets/house_styles/all_images/388_fbd9baa1.jpg),067_6de6b577.jpg,(datasets/house_styles/all_images/067_6de6b577.jpg),1.0328,0.0328,0.0
068_b5fe6a9b.jpg,(datasets/house_styles/all_images/068_b5fe6a9b.jpg),001_beaee5fe.jpg,(datasets/house_styles/all_images/001_beaee5fe.jpg),1.0334,0.0334,0.0
380_05c909d1.jpg,(datasets/house_styles/all_images/380_05c909d1.jpg),001_beaee5fe.jpg,(datasets/house_styles/all_images/001_beaee5fe.jpg),1.0336,0.0336,0.0
123_d5fed066.jpg,(datasets/house_styles/all_images/123_d5fed066.jpg),151_d0e35309.jpg,(datasets/house_styles/all_images/151_d0e35309.jpg),0.9663,0.0337,0.0
238_223f3e13.jpg,(datasets/house_styles/all_images/238_223f3e13.jpg),294_3260f65d.jpg,(datasets/house_styles/all_images/294_3260f65d.jpg),0.9662,0.0338,0.0
112_f21e8af7.jpg,(datasets/house_styles/all_images/112_f21e8af7.jpg),155_732ad883.jpg,(datasets/house_styles/all_images/155_732ad883.jpg),1.0339,0.0339,0.0
123_d5fed066.jpg,(datasets/house_styles/all_images/123_d5fed066.jpg),485_1c18da79.jpg,(datasets/house_styles/all_images/485_1c18da79.jpg),1.0339,0.0339,0.0
010_0e38a333.jpg,(datasets/house_styles/all_images/010_0e38a333.jpg),082_40db5260.jpg,(datasets/house_styles/all_images/082_40db5260.jpg),1.034,0.034,0.0
388_fbd9baa1.jpg,(datasets/house_styles/all_images/388_fbd9baa1.jpg),257_f69240b9.jpg,(datasets/house_styles/all_images/257_f69240b9.jpg),1.0341,0.0341,0.0
125_b3f68f40.jpg,(datasets/house_styles/all_images/125_b3f68f40.jpg),216_8570669c.jpg,(datasets/house_styles/all_images/216_8570669c.jpg),0.9656,0.0344,0.0
376_3473d618.jpg,(datasets/house_styles/all_images/376_3473d618.jpg),018_d675e0cc.jpg,(datasets/house_styles/all_images/018_d675e0cc.jpg),1.0346,0.0346,0.0
366_08eff319.jpg,(datasets/house_styles/all_images/366_08eff319.jpg),069_d3bedc1f.jpg,(datasets/house_styles/all_images/069_d3bedc1f.jpg),1.0349,0.0349,0.0
075_7b7e25b1.jpg,(datasets/house_styles/all_images/075_7b7e25b1.jpg),105_1c926771.jpg,(datasets/house_styles/all_images/105_1c926771.jpg),1.0352,0.0352,0.0
245_579b3304.jpg,(datasets/house_styles/all_images/245_579b3304.jpg),193_365009dc.jpg,(datasets/house_styles/all_images/193_365009dc.jpg),1.0352,0.0352,0.0
130_1d93de4f.jpg,(datasets/house_styles/all_images/130_1d93de4f.jpg),067_c93d4864.jpg,(datasets/house_styles/all_images/067_c93d4864.jpg),0.9647,0.0353,0.0
167_65150acf.jpg,(datasets/house_styles/all_images/167_65150acf.jpg),212_aea88577.jpg,(datasets/house_styles/all_images/212_aea88577.jpg),0.9646,0.0354,0.0
021_25ad37e4.jpg,(datasets/house_styles/all_images/021_25ad37e4.jpg),004_cabd9dfd.jpg,(datasets/house_styles/all_images/004_cabd9dfd.jpg),1.0357,0.0357,0.0
467_834e3436.jpg,(datasets/house_styles/all_images/467_834e3436.jpg),026_01045d0b.jpg,(datasets/house_styles/all_images/026_01045d0b.jpg),0.9642,0.0358,0.0
181_7a55eb4a.jpg,(datasets/house_styles/all_images/181_7a55eb4a.jpg),180_ea16e99b.jpg,(datasets/house_styles/all_images/180_ea16e99b.jpg),1.0358,0.0358,0.0
021_25ad37e4.jpg,(datasets/house_styles/all_images/021_25ad37e4.jpg),260_ff34f4ba.jpg,(datasets/house_styles/all_images/260_ff34f4ba.jpg),0.9641,0.0359,0.0
041_d7474487.jpg,(datasets/house_styles/all_images/041_d7474487.jpg),018_d675e0cc.jpg,(datasets/house_styles/all_images/018_d675e0cc.jpg),0.9641,0.0359,0.0
368_20d72c3b.jpg,(datasets/house_styles/all_images/368_20d72c3b.jpg),159_7b4fd689.jpg,(datasets/house_styles/all_images/159_7b4fd689.jpg),1.0362,0.0362,0.0
123_d5fed066.jpg,(datasets/house_styles/all_images/123_d5fed066.jpg),006_ec7e3943.jpg,(datasets/house_styles/all_images/006_ec7e3943.jpg),0.9637,0.0363,0.0
357_27ab49c8.jpg,(datasets/house_styles/all_images/357_27ab49c8.jpg),069_3a6f2b43.jpg,(datasets/house_styles/all_images/069_3a6f2b43.jpg),1.0364,0.0364,0.0
113_3b341645.jpg,(datasets/house_styles/all_images/113_3b341645.jpg),221_cbdbfa68.jpg,(datasets/house_styles/all_images/221_cbdbfa68.jpg),1.0365,0.0365,0.0
181_7a55eb4a.jpg,(datasets/house_styles/all_images/181_7a55eb4a.jpg),053_9f014739.jpg,(datasets/house_styles/all_images/053_9f014739.jpg),1.0367,0.0367,0.0
094_c29b2dc0.jpg,(datasets/house_styles/all_images/094_c29b2dc0.jpg),079_3da41703.jpg,(datasets/house_styles/all_images/079_3da41703.jpg),1.0369,0.0369,0.0
524_adfc8645.jpg,(datasets/house_styles/all_images/524_adfc8645.jpg),069_d3bedc1f.jpg,(datasets/house_styles/all_images/069_d3bedc1f.jpg),1.0371,0.0371,0.0
394_8fc176b2.jpg,(datasets/house_styles/all_images/394_8fc176b2.jpg),002_8cdb5424.jpg,(datasets/house_styles/all_images/002_8cdb5424.jpg),1.0372,0.0372,0.0
184_4eb75826.jpg,(datasets/house_styles/all_images/184_4eb75826.jpg),454_3180c2dd.jpg,(datasets/house_styles/all_images/454_3180c2dd.jpg),1.0375,0.0375,0.0
443_c3788bc5.jpg,(datasets/house_styles/all_images/443_c3788bc5.jpg),147_579b3c29.jpg,(datasets/house_styles/all_images/147_579b3c29.jpg),0.9624,0.0376,0.0
184_33cd0b2b.jpg,(datasets/house_styles/all_images/184_33cd0b2b.jpg),190_c9f886f6.jpg,(datasets/house_styles/all_images/190_c9f886f6.jpg),0.9623,0.0377,0.0
017_ffb23173.jpg,(datasets/house_styles/all_images/017_ffb23173.jpg),147_579b3c29.jpg,(datasets/house_styles/all_images/147_579b3c29.jpg),1.0377,0.0377,0.0
004_7a46c013.jpg,(datasets/house_styles/all_images/004_7a46c013.jpg),108_c76f77e2.jpg,(datasets/house_styles/all_images/108_c76f77e2.jpg),1.0377,0.0377,0.0
004_7a46c013.jpg,(datasets/house_styles/all_images/004_7a46c013.jpg),098_cff86baa.jpg,(datasets/house_styles/all_images/098_cff86baa.jpg),1.0377,0.0377,0.0
334_493d0c20.jpg,(datasets/house_styles/all_images/334_493d0c20.jpg),432_81c52798.jpg,(datasets/house_styles/all_images/432_81c52798.jpg),1.0378,0.0378,0.0
061_0e8f4935.jpg,(datasets/house_styles/all_images/061_0e8f4935.jpg),114_dd2dcd98.jpg,(datasets/house_styles/all_images/114_dd2dcd98.jpg),1.0384,0.0384,0.0
084_dae155bc.jpg,(datasets/house_styles/all_images/084_dae155bc.jpg),004_cabd9dfd.jpg,(datasets/house_styles/all_images/004_cabd9dfd.jpg),1.0385,0.0385,0.0
346_e98ba7a9.jpg,(datasets/house_styles/all_images/346_e98ba7a9.jpg),132_8e5fa493.jpg,(datasets/house_styles/all_images/132_8e5fa493.jpg),1.0386,0.0386,0.0
118_8b40a003.jpg,(datasets/house_styles/all_images/118_8b40a003.jpg),280_78fc43a1.jpg,(datasets/house_styles/all_images/280_78fc43a1.jpg),1.0387,0.0387,0.0
077_7688f758.jpg,(datasets/house_styles/all_images/077_7688f758.jpg),028_977e3b62.jpg,(datasets/house_styles/all_images/028_977e3b62.jpg),1.039,0.039,0.0
453_d7b5d246.jpg,(datasets/house_styles/all_images/453_d7b5d246.jpg),004_cabd9dfd.jpg,(datasets/house_styles/all_images/004_cabd9dfd.jpg),0.9608,0.0392,0.0
125_b3f68f40.jpg,(datasets/house_styles/all_images/125_b3f68f40.jpg),087_24c73d10.jpg,(datasets/house_styles/all_images/087_24c73d10.jpg),1.0394,0.0394,0.0
415_4b0724cb.jpg,(datasets/house_styles/all_images/415_4b0724cb.jpg),069_3a6f2b43.jpg,(datasets/house_styles/all_images/069_3a6f2b43.jpg),0.9605,0.0395,0.0
284_1d326f0c.jpg,(datasets/house_styles/all_images/284_1d326f0c.jpg),394_8fc176b2.jpg,(datasets/house_styles/all_images/394_8fc176b2.jpg),1.0396,0.0396,0.0
040_6ddfd3e7.jpg,(datasets/house_styles/all_images/040_6ddfd3e7.jpg),117_d5ce16c2.jpg,(datasets/house_styles/all_images/117_d5ce16c2.jpg),0.9599,0.0401,0.0
235_9d901e22.jpg,(datasets/house_styles/all_images/235_9d901e22.jpg),524_adfc8645.jpg,(datasets/house_styles/all_images/524_adfc8645.jpg),1.0401,0.0401,0.0
196_4a29195b.jpg,(datasets/house_styles/all_images/196_4a29195b.jpg),089_23d6d672.jpg,(datasets/house_styles/all_images/089_23d6d672.jpg),1.0401,0.0401,0.0
123_d5fed066.jpg,(datasets/house_styles/all_images/123_d5fed066.jpg),042_636dd3d3.jpg,(datasets/house_styles/all_images/042_636dd3d3.jpg),1.0401,0.0401,0.0
178_63fd8a7b.jpg,(datasets/house_styles/all_images/178_63fd8a7b.jpg),338_91aaae44.jpg,(datasets/house_styles/all_images/338_91aaae44.jpg),0.9597,0.0403,0.0
227_33071f4b.jpg,(datasets/house_styles/all_images/227_33071f4b.jpg),338_91aaae44.jpg,(datasets/house_styles/all_images/338_91aaae44.jpg),0.9597,0.0403,0.0
389_08eeac29.jpg,(datasets/house_styles/all_images/389_08eeac29.jpg),138_03bf52ae.jpg,(datasets/house_styles/all_images/138_03bf52ae.jpg),1.0404,0.0404,0.0
149_0d19bc77.jpg,(datasets/house_styles/all_images/149_0d19bc77.jpg),094_0a543599.jpg,(datasets/house_styles/all_images/094_0a543599.jpg),1.0405,0.0405,0.0
151_cffbc324.jpg,(datasets/house_styles/all_images/151_cffbc324.jpg),098_cff86baa.jpg,(datasets/house_styles/all_images/098_cff86baa.jpg),1.0405,0.0405,0.0
368_20d72c3b.jpg,(datasets/house_styles/all_images/368_20d72c3b.jpg),410_43ec7ac3.jpg,(datasets/house_styles/all_images/410_43ec7ac3.jpg),0.9595,0.0405,0.0
334_493d0c20.jpg,(datasets/house_styles/all_images/334_493d0c20.jpg),272_3262745c.jpg,(datasets/house_styles/all_images/272_3262745c.jpg),0.9594,0.0406,0.0
238_223f3e13.jpg,(datasets/house_styles/all_images/238_223f3e13.jpg),478_b9c722d9.jpg,(datasets/house_styles/all_images/478_b9c722d9.jpg),1.0408,0.0408,0.0
060_8fb534d5.jpg,(datasets/house_styles/all_images/060_8fb534d5.jpg),284_404c75b4.jpg,(datasets/house_styles/all_images/284_404c75b4.jpg),0.9592,0.0408,0.0
212_af89d52d.jpg,(datasets/house_styles/all_images/212_af89d52d.jpg),125_743047fb.jpg,(datasets/house_styles/all_images/125_743047fb.jpg),0.9591,0.0409,0.0
153_acb5cd48.jpg,(datasets/house_styles/all_images/153_acb5cd48.jpg),158_0e3358fe.jpg,(datasets/house_styles/all_images/158_0e3358fe.jpg),1.0415,0.0415,0.0
301_3ae75cf5.jpg,(datasets/house_styles/all_images/301_3ae75cf5.jpg),158_0e3358fe.jpg,(datasets/house_styles/all_images/158_0e3358fe.jpg),0.9583,0.0417,0.0
166_cb292a05.jpg,(datasets/house_styles/all_images/166_cb292a05.jpg),270_b478d734.jpg,(datasets/house_styles/all_images/270_b478d734.jpg),1.0417,0.0417,0.0
019_61d9365b.jpg,(datasets/house_styles/all_images/019_61d9365b.jpg),125_743047fb.jpg,(datasets/house_styles/all_images/125_743047fb.jpg),0.9582,0.0418,0.0
487_6af5bc71.jpg,(datasets/house_styles/all_images/487_6af5bc71.jpg),201_936151d8.jpg,(datasets/house_styles/all_images/201_936151d8.jpg),0.9579,0.0421,0.0
007_64a3e2e9.jpg,(datasets/house_styles/all_images/007_64a3e2e9.jpg),060_26c18ddf.jpg,(datasets/house_styles/all_images/060_26c18ddf.jpg),0.9577,0.0423,0.0
004_7a46c013.jpg,(datasets/house_styles/all_images/004_7a46c013.jpg),035_6e7ff66b.jpg,(datasets/house_styles/all_images/035_6e7ff66b.jpg),0.9576,0.0424,0.0
250_27aa4502.jpg,(datasets/house_styles/all_images/250_27aa4502.jpg),037_326d0815.jpg,(datasets/house_styles/all_images/037_326d0815.jpg),1.0426,0.0426,0.0
078_abdcd606.jpg,(datasets/house_styles/all_images/078_abdcd606.jpg),086_80f8f853.jpg,(datasets/house_styles/all_images/086_80f8f853.jpg),0.9574,0.0426,0.0
151_cffbc324.jpg,(datasets/house_styles/all_images/151_cffbc324.jpg),133_91a1133a.jpg,(datasets/house_styles/all_images/133_91a1133a.jpg),0.9574,0.0426,0.0
368_20d72c3b.jpg,(datasets/house_styles/all_images/368_20d72c3b.jpg),077_fd3da9e2.jpg,(datasets/house_styles/all_images/077_fd3da9e2.jpg),0.9573,0.0427,0.0
125_b3f68f40.jpg,(datasets/house_styles/all_images/125_b3f68f40.jpg),052_f4f97004.jpg,(datasets/house_styles/all_images/052_f4f97004.jpg),1.0427,0.0427,0.0
144_cb90f7ea.jpg,(datasets/house_styles/all_images/144_cb90f7ea.jpg),044_12d72bf2.jpg,(datasets/house_styles/all_images/044_12d72bf2.jpg),1.0428,0.0428,0.0
121_62c24d44.jpg,(datasets/house_styles/all_images/121_62c24d44.jpg),443_c3788bc5.jpg,(datasets/house_styles/all_images/443_c3788bc5.jpg),1.0429,0.0429,0.0
199_e4e5df84.jpg,(datasets/house_styles/all_images/199_e4e5df84.jpg),118_d035210b.jpg,(datasets/house_styles/all_images/118_d035210b.jpg),1.043,0.043,0.0
415_4b0724cb.jpg,(datasets/house_styles/all_images/415_4b0724cb.jpg),180_ea16e99b.jpg,(datasets/house_styles/all_images/180_ea16e99b.jpg),1.0433,0.0433,0.0
031_a6f9a9fe.jpg,(datasets/house_styles/all_images/031_a6f9a9fe.jpg),004_cabd9dfd.jpg,(datasets/house_styles/all_images/004_cabd9dfd.jpg),0.9564,0.0436,0.0
068_dc83e73a.jpg,(datasets/house_styles/all_images/068_dc83e73a.jpg),221_cbdbfa68.jpg,(datasets/house_styles/all_images/221_cbdbfa68.jpg),1.0437,0.0437,0.0
443_c3788bc5.jpg,(datasets/house_styles/all_images/443_c3788bc5.jpg),136_9f1a39c1.jpg,(datasets/house_styles/all_images/136_9f1a39c1.jpg),0.9563,0.0437,0.0
368_20d72c3b.jpg,(datasets/house_styles/all_images/368_20d72c3b.jpg),272_3262745c.jpg,(datasets/house_styles/all_images/272_3262745c.jpg),1.044,0.044,0.0
252_222859bd.jpg,(datasets/house_styles/all_images/252_222859bd.jpg),356_efd8fc80.jpg,(datasets/house_styles/all_images/356_efd8fc80.jpg),1.0441,0.0441,0.0
121_62c24d44.jpg,(datasets/house_styles/all_images/121_62c24d44.jpg),050_ffb00e12.jpg,(datasets/house_styles/all_images/050_ffb00e12.jpg),1.0443,0.0443,0.0
078_9e2d5f02.jpg,(datasets/house_styles/all_images/078_9e2d5f02.jpg),141_965cfe04.jpg,(datasets/house_styles/all_images/141_965cfe04.jpg),0.9557,0.0443,0.0
196_4a29195b.jpg,(datasets/house_styles/all_images/196_4a29195b.jpg),052_f4f97004.jpg,(datasets/house_styles/all_images/052_f4f97004.jpg),1.0443,0.0443,0.0
017_ffb23173.jpg,(datasets/house_styles/all_images/017_ffb23173.jpg),021_6cb715ac.jpg,(datasets/house_styles/all_images/021_6cb715ac.jpg),0.9556,0.0444,0.0
004_7a46c013.jpg,(datasets/house_styles/all_images/004_7a46c013.jpg),194_a66427af.jpg,(datasets/house_styles/all_images/194_a66427af.jpg),0.9556,0.0444,0.0
474_ebf934b6.jpg,(datasets/house_styles/all_images/474_ebf934b6.jpg),152_3e513879.jpg,(datasets/house_styles/all_images/152_3e513879.jpg),0.9556,0.0444,0.0
073_d9fb51c3.jpg,(datasets/house_styles/all_images/073_d9fb51c3.jpg),168_bbf12d12.jpg,(datasets/house_styles/all_images/168_bbf12d12.jpg),0.9554,0.0446,0.0
062_a5891b74.jpg,(datasets/house_styles/all_images/062_a5891b74.jpg),081_156ea596.jpg,(datasets/house_styles/all_images/081_156ea596.jpg),1.0447,0.0447,0.0
347_e3edd904.jpg,(datasets/house_styles/all_images/347_e3edd904.jpg),089_23d6d672.jpg,(datasets/house_styles/all_images/089_23d6d672.jpg),0.955,0.045,0.0
346_e98ba7a9.jpg,(datasets/house_styles/all_images/346_e98ba7a9.jpg),007_64a3e2e9.jpg,(datasets/house_styles/all_images/007_64a3e2e9.jpg),0.9547,0.0453,0.0
236_8b82502f.jpg,(datasets/house_styles/all_images/236_8b82502f.jpg),132_8e5fa493.jpg,(datasets/house_styles/all_images/132_8e5fa493.jpg),0.9546,0.0454,0.0
005_dbecd9c4.jpg,(datasets/house_styles/all_images/005_dbecd9c4.jpg),095_0a434ed3.jpg,(datasets/house_styles/all_images/095_0a434ed3.jpg),0.9545,0.0455,0.0
103_e1440563.jpg,(datasets/house_styles/all_images/103_e1440563.jpg),097_41e7ad48.jpg,(datasets/house_styles/all_images/097_41e7ad48.jpg),0.9544,0.0456,0.0
273_95a29a86.jpg,(datasets/house_styles/all_images/273_95a29a86.jpg),113_3b341645.jpg,(datasets/house_styles/all_images/113_3b341645.jpg),1.0456,0.0456,0.0
067_c93d4864.jpg,(datasets/house_styles/all_images/067_c93d4864.jpg),077_fd3da9e2.jpg,(datasets/house_styles/all_images/077_fd3da9e2.jpg),1.0458,0.0458,0.0
167_65150acf.jpg,(datasets/house_styles/all_images/167_65150acf.jpg),187_f9d3cf18.jpg,(datasets/house_styles/all_images/187_f9d3cf18.jpg),1.0458,0.0458,0.0
136_976f1a71.jpg,(datasets/house_styles/all_images/136_976f1a71.jpg),201_936151d8.jpg,(datasets/house_styles/all_images/201_936151d8.jpg),1.0459,0.0459,0.0
225_25606f44.jpg,(datasets/house_styles/all_images/225_25606f44.jpg),067_6de6b577.jpg,(datasets/house_styles/all_images/067_6de6b577.jpg),1.0464,0.0464,0.0
357_27ab49c8.jpg,(datasets/house_styles/all_images/357_27ab49c8.jpg),023_5efdbc2d.jpg,(datasets/house_styles/all_images/023_5efdbc2d.jpg),1.0465,0.0465,0.0
186_ab31fc0e.jpg,(datasets/house_styles/all_images/186_ab31fc0e.jpg),061_b65cd27e.jpg,(datasets/house_styles/all_images/061_b65cd27e.jpg),1.0465,0.0465,0.0
167_65150acf.jpg,(datasets/house_styles/all_images/167_65150acf.jpg),394_8fc176b2.jpg,(datasets/house_styles/all_images/394_8fc176b2.jpg),0.9533,0.0467,0.0
349_60f37449.jpg,(datasets/house_styles/all_images/349_60f37449.jpg),083_1941f4a1.jpg,(datasets/house_styles/all_images/083_1941f4a1.jpg),0.9533,0.0467,0.0
349_60f37449.jpg,(datasets/house_styles/all_images/349_60f37449.jpg),103_615e0fa4.jpg,(datasets/house_styles/all_images/103_615e0fa4.jpg),0.9533,0.0467,0.0
130_1d93de4f.jpg,(datasets/house_styles/all_images/130_1d93de4f.jpg),035_6e7ff66b.jpg,(datasets/house_styles/all_images/035_6e7ff66b.jpg),0.9531,0.0469,0.0
382_761139e9.jpg,(datasets/house_styles/all_images/382_761139e9.jpg),133_91a1133a.jpg,(datasets/house_styles/all_images/133_91a1133a.jpg),0.953,0.047,0.0
041_d7474487.jpg,(datasets/house_styles/all_images/041_d7474487.jpg),136_976f1a71.jpg,(datasets/house_styles/all_images/136_976f1a71.jpg),1.0473,0.0473,0.0
299_6f2be194.jpg,(datasets/house_styles/all_images/299_6f2be194.jpg),068_b5fe6a9b.jpg,(datasets/house_styles/all_images/068_b5fe6a9b.jpg),0.9524,0.0476,0.0
178_63fd8a7b.jpg,(datasets/house_styles/all_images/178_63fd8a7b.jpg),105_1c926771.jpg,(datasets/house_styles/all_images/105_1c926771.jpg),1.0478,0.0478,0.0
227_33071f4b.jpg,(datasets/house_styles/all_images/227_33071f4b.jpg),105_1c926771.jpg,(datasets/house_styles/all_images/105_1c926771.jpg),1.0478,0.0478,0.0
017_ffb23173.jpg,(datasets/house_styles/all_images/017_ffb23173.jpg),008_a0cf2e04.jpg,(datasets/house_styles/all_images/008_a0cf2e04.jpg),1.0478,0.0478,0.0
386_03e0eca7.jpg,(datasets/house_styles/all_images/386_03e0eca7.jpg),091_1e37e2fa.jpg,(datasets/house_styles/all_images/091_1e37e2fa.jpg),0.9516,0.0484,0.0
250_27aa4502.jpg,(datasets/house_styles/all_images/250_27aa4502.jpg),018_d675e0cc.jpg,(datasets/house_styles/all_images/018_d675e0cc.jpg),1.0487,0.0487,0.0
035_7b4de4fd.jpg,(datasets/house_styles/all_images/035_7b4de4fd.jpg),009_f852438c.jpg,(datasets/house_styles/all_images/009_f852438c.jpg),0.9513,0.0487,0.0
062_a5891b74.jpg,(datasets/house_styles/all_images/062_a5891b74.jpg),084_dae155bc.jpg,(datasets/house_styles/all_images/084_dae155bc.jpg),0.9512,0.0488,0.0
130_1d93de4f.jpg,(datasets/house_styles/all_images/130_1d93de4f.jpg),108_c76f77e2.jpg,(datasets/house_styles/all_images/108_c76f77e2.jpg),1.0489,0.0489,0.0
360_28ef686b.jpg,(datasets/house_styles/all_images/360_28ef686b.jpg),153_acb5cd48.jpg,(datasets/house_styles/all_images/153_acb5cd48.jpg),0.9508,0.0492,0.0
021_25ad37e4.jpg,(datasets/house_styles/all_images/021_25ad37e4.jpg),478_b9c722d9.jpg,(datasets/house_styles/all_images/478_b9c722d9.jpg),1.0494,0.0494,0.0
142_12fc668a.jpg,(datasets/house_styles/all_images/142_12fc668a.jpg),141_965cfe04.jpg,(datasets/house_styles/all_images/141_965cfe04.jpg),0.9506,0.0494,0.0
168_73a8fa29.jpg,(datasets/house_styles/all_images/168_73a8fa29.jpg),130_3436e91b.jpg,(datasets/house_styles/all_images/130_3436e91b.jpg),0.9505,0.0495,0.0
184_4eb75826.jpg,(datasets/house_styles/all_images/184_4eb75826.jpg),501_bcd7edcd.jpg,(datasets/house_styles/all_images/501_bcd7edcd.jpg),1.0495,0.0495,0.0
378_8983cba2.jpg,(datasets/house_styles/all_images/378_8983cba2.jpg),132_8e5fa493.jpg,(datasets/house_styles/all_images/132_8e5fa493.jpg),0.9502,0.0498,0.0
201_edbb9f6e.jpg,(datasets/house_styles/all_images/201_edbb9f6e.jpg),035_6e7ff66b.jpg,(datasets/house_styles/all_images/035_6e7ff66b.jpg),1.05,0.05,0.0
113_3b341645.jpg,(datasets/house_styles/all_images/113_3b341645.jpg),095_0a434ed3.jpg,(datasets/house_styles/all_images/095_0a434ed3.jpg),1.0501,0.0501,0.0
062_a5891b74.jpg,(datasets/house_styles/all_images/062_a5891b74.jpg),159_f211f05e.jpg,(datasets/house_styles/all_images/159_f211f05e.jpg),1.0505,0.0505,0.0
245_1557cb25.jpg,(datasets/house_styles/all_images/245_1557cb25.jpg),060_26c18ddf.jpg,(datasets/house_styles/all_images/060_26c18ddf.jpg),1.0507,0.0507,0.0
060_8fb534d5.jpg,(datasets/house_styles/all_images/060_8fb534d5.jpg),388_fbd9baa1.jpg,(datasets/house_styles/all_images/388_fbd9baa1.jpg),1.0508,0.0508,0.0
184_4eb75826.jpg,(datasets/house_styles/all_images/184_4eb75826.jpg),091_1e37e2fa.jpg,(datasets/house_styles/all_images/091_1e37e2fa.jpg),0.9492,0.0508,0.0
196_4a29195b.jpg,(datasets/house_styles/all_images/196_4a29195b.jpg),188_9b067c58.jpg,(datasets/house_styles/all_images/188_9b067c58.jpg),1.051,0.051,0.0
227_33071f4b.jpg,(datasets/house_styles/all_images/227_33071f4b.jpg),005_eda52226.jpg,(datasets/house_styles/all_images/005_eda52226.jpg),0.949,0.051,0.0
149_0d19bc77.jpg,(datasets/house_styles/all_images/149_0d19bc77.jpg),493_2782a145.jpg,(datasets/house_styles/all_images/493_2782a145.jpg),0.9488,0.0512,0.0
284_1d326f0c.jpg,(datasets/house_styles/all_images/284_1d326f0c.jpg),112_e6cb24b4.jpg,(datasets/house_styles/all_images/112_e6cb24b4.jpg),0.9487,0.0513,0.0
469_1ad24162.jpg,(datasets/house_styles/all_images/469_1ad24162.jpg),037_326d0815.jpg,(datasets/house_styles/all_images/037_326d0815.jpg),0.9482,0.0518,0.0
425_f8d72d81.jpg,(datasets/house_styles/all_images/425_f8d72d81.jpg),449_f4fc9f5c.jpg,(datasets/house_styles/all_images/449_f4fc9f5c.jpg),1.052,0.052,0.0
184_4eb75826.jpg,(datasets/house_styles/all_images/184_4eb75826.jpg),147_579b3c29.jpg,(datasets/house_styles/all_images/147_579b3c29.jpg),0.9478,0.0522,0.0
349_60f37449.jpg,(datasets/house_styles/all_images/349_60f37449.jpg),388_fbd9baa1.jpg,(datasets/house_styles/all_images/388_fbd9baa1.jpg),1.0523,0.0523,0.0
181_7a55eb4a.jpg,(datasets/house_styles/all_images/181_7a55eb4a.jpg),280_78fc43a1.jpg,(datasets/house_styles/all_images/280_78fc43a1.jpg),1.0525,0.0525,0.0
061_0e8f4935.jpg,(datasets/house_styles/all_images/061_0e8f4935.jpg),356_efd8fc80.jpg,(datasets/house_styles/all_images/356_efd8fc80.jpg),1.0526,0.0526,0.0
181_7a55eb4a.jpg,(datasets/house_styles/all_images/181_7a55eb4a.jpg),037_326d0815.jpg,(datasets/house_styles/all_images/037_326d0815.jpg),0.9472,0.0528,0.0
213_80e87065.jpg,(datasets/house_styles/all_images/213_80e87065.jpg),147_579b3c29.jpg,(datasets/house_styles/all_images/147_579b3c29.jpg),0.9472,0.0528,0.0
272_3262745c.jpg,(datasets/house_styles/all_images/272_3262745c.jpg),091_1e37e2fa.jpg,(datasets/house_styles/all_images/091_1e37e2fa.jpg),0.9469,0.0531,0.0
406_e5e906d6.jpg,(datasets/house_styles/all_images/406_e5e906d6.jpg),406_3c50af9c.jpg,(datasets/house_styles/all_images/406_3c50af9c.jpg),1.0533,0.0533,0.0
068_dc83e73a.jpg,(datasets/house_styles/all_images/068_dc83e73a.jpg),052_f4f97004.jpg,(datasets/house_styles/all_images/052_f4f97004.jpg),0.9465,0.0535,0.0
