file_label,house_type
350_ff091a99.jpg,farmhouse
258_560ea146.jpg,farmhouse
001_d2c7428a.jpg,farmhouse
131_1251d4eb.jpg,farmhouse
447_96c74801.jpg,farmhouse
213_80e87065.jpg,farmhouse
118_8b40a003.jpg,farmhouse
166_cb292a05.jpg,farmhouse
233_ca38f1ee.jpg,farmhouse
031_a6f9a9fe.jpg,farmhouse
384_7bba4266.jpg,farmhouse
196_4a29195b.jpg,farmhouse
317_256ee017.jpg,farmhouse
284_1d326f0c.jpg,farmhouse
406_e5e906d6.jpg,farmhouse
068_dc83e73a.jpg,farmhouse
247_7ebd437b.jpg,farmhouse
167_65150acf.jpg,farmhouse
324_b65d6469.jpg,farmhouse
186_ab31fc0e.jpg,farmhouse
036_5236be5e.jpg,farmhouse
004_7a46c013.jpg,farmhouse
137_16e3cfb6.jpg,farmhouse
468_9b21b049.jpg,farmhouse
439_ac9a7940.jpg,farmhouse
241_0a49bf59.jpg,farmhouse
018_64add206.jpg,farmhouse
349_60f37449.jpg,farmhouse
357_27ab49c8.jpg,farmhouse
121_62c24d44.jpg,farmhouse
202_698495e0.jpg,farmhouse
419_b4f308b3.jpg,farmhouse
012_f54e5947.jpg,farmhouse
342_9ee8b214.jpg,farmhouse
374_77df1653.jpg,farmhouse
239_9448f80b.jpg,farmhouse
061_0e8f4935.jpg,farmhouse
021_25ad37e4.jpg,farmhouse
253_4be9d181.jpg,farmhouse
044_d4a75e1b.jpg,farmhouse
002_5ef9df19.jpg,farmhouse
163_83960f4c.jpg,farmhouse
176_b6772afe.jpg,farmhouse
244_6d833b6a.jpg,farmhouse
181_7a55eb4a.jpg,farmhouse
299_6f2be194.jpg,farmhouse
397_54b2527d.jpg,farmhouse
142_12fc668a.jpg,farmhouse
304_7774d253.jpg,farmhouse
112_f21e8af7.jpg,farmhouse
005_dbecd9c4.jpg,farmhouse
060_8fb534d5.jpg,farmhouse
380_05c909d1.jpg,farmhouse
346_e98ba7a9.jpg,farmhouse
050_999633cb.jpg,farmhouse
227_33071f4b.jpg,farmhouse
301_b73b9663.jpg,farmhouse
414_ee23c62f.jpg,farmhouse
011_cc99985c.jpg,farmhouse
334_493d0c20.jpg,farmhouse
081_21153085.jpg,farmhouse
336_8af43ef3.jpg,farmhouse
130_1d93de4f.jpg,farmhouse
235_9d901e22.jpg,farmhouse
470_6e733604.jpg,farmhouse
428_5c14629a.jpg,farmhouse
052_618be4ac.jpg,farmhouse
389_08eeac29.jpg,farmhouse
236_8b82502f.jpg,farmhouse
014_459a0075.jpg,farmhouse
073_3528262c.jpg,farmhouse
339_56fe58fd.jpg,farmhouse
273_95a29a86.jpg,farmhouse
388_aa0bd42a.jpg,farmhouse
331_377860bc.jpg,farmhouse
040_6ddfd3e7.jpg,farmhouse
205_0ec9560b.jpg,farmhouse
376_3473d618.jpg,farmhouse
049_745f0b5c.jpg,farmhouse
453_d7b5d246.jpg,farmhouse
149_0d19bc77.jpg,farmhouse
343_354bff03.jpg,farmhouse
168_84d91ee2.jpg,farmhouse
345_291849f5.jpg,farmhouse
257_f1b4cd5b.jpg,farmhouse
294_f336ba11.jpg,farmhouse
192_f498f294.jpg,farmhouse
062_a5891b74.jpg,farmhouse
382_baa9260f.jpg,farmhouse
355_a1185a91.jpg,farmhouse
368_20d72c3b.jpg,farmhouse
075_7b7e25b1.jpg,farmhouse
348_1d0c305a.jpg,farmhouse
425_f8d72d81.jpg,farmhouse
366_08eff319.jpg,farmhouse
238_223f3e13.jpg,farmhouse
147_4fee2ee1.jpg,farmhouse
420_dc34f8c6.jpg,farmhouse
103_cd0a617c.jpg,farmhouse
395_161d702a.jpg,farmhouse
229_f79304e9.jpg,farmhouse
125_b3f68f40.jpg,farmhouse
048_0a8b5dde.jpg,farmhouse
363_12412886.jpg,farmhouse
267_4433e7a0.jpg,farmhouse
178_63fd8a7b.jpg,farmhouse
173_e9257949.jpg,farmhouse
250_27aa4502.jpg,farmhouse
175_9c8306c2.jpg,farmhouse
340_325aa844.jpg,farmhouse
161_ecee3bf9.jpg,farmhouse
245_1557cb25.jpg,farmhouse
347_e3edd904.jpg,farmhouse
078_9e2d5f02.jpg,farmhouse
378_8983cba2.jpg,farmhouse
338_ad39cc5d.jpg,farmhouse
487_6af5bc71.jpg,farmhouse
306_26da3db8.jpg,farmhouse
100_b2a006af.jpg,farmhouse
007_97626a67.jpg,farmhouse
467_834e3436.jpg,farmhouse
151_cffbc324.jpg,farmhouse
360_28ef686b.jpg,farmhouse
124_335423e9.jpg,farmhouse
219_d4a22bde.jpg,farmhouse
372_396c03a6.jpg,farmhouse
127_7cd6971f.jpg,farmhouse
144_cb90f7ea.jpg,farmhouse
381_f069d506.jpg,farmhouse
043_0c48915e.jpg,farmhouse
055_55fbf3ef.jpg,farmhouse
206_9b5a908f.jpg,farmhouse
020_616a995d.jpg,farmhouse
291_87a33ca7.jpg,farmhouse
184_4eb75826.jpg,farmhouse
010_0e38a333.jpg,farmhouse
190_48347536.jpg,farmhouse
109_e1b4cdd0.jpg,farmhouse
041_d7474487.jpg,farmhouse
123_d5fed066.jpg,farmhouse
297_e9c8dc5c.jpg,farmhouse
208_78b28f8b.jpg,farmhouse
280_8efc2963.jpg,farmhouse
353_003f4000.jpg,farmhouse
035_7b4de4fd.jpg,farmhouse
252_222859bd.jpg,farmhouse
251_39ac24cf.jpg,farmhouse
371_893ae863.jpg,farmhouse
179_df3d3b6f.jpg,farmhouse
415_4b0724cb.jpg,farmhouse
388_fbd9baa1.jpg,modern
280_78fc43a1.jpg,modern
435_32929f16.jpg,modern
449_f4fc9f5c.jpg,modern
177_3216f03e.jpg,modern
229_c8c54b60.jpg,modern
493_2782a145.jpg,modern
294_3260f65d.jpg,modern
067_c93d4864.jpg,modern
292_4b1685e4.jpg,modern
114_74c3329d.jpg,modern
095_3cbc2895.jpg,modern
031_d4da03e3.jpg,modern
465_fcc8719d.jpg,modern
186_464b5bb4.jpg,modern
278_069d12d8.jpg,modern
262_8a21b6d1.jpg,modern
399_33c5d6dd.jpg,modern
136_976f1a71.jpg,modern
025_bea784dd.jpg,modern
078_abdcd606.jpg,modern
447_0ffa8cdd.jpg,modern
068_b5fe6a9b.jpg,modern
524_adfc8645.jpg,modern
009_91fd0193.jpg,modern
155_732ad883.jpg,modern
290_13009e8e.jpg,modern
042_636dd3d3.jpg,modern
052_46fd81f7.jpg,modern
310_10bdb154.jpg,modern
215_23b53307.jpg,modern
028_955ddd2f.jpg,modern
015_6216de41.jpg,modern
159_f211f05e.jpg,modern
093_94e91f0f.jpg,modern
056_944d8eb9.jpg,modern
356_efd8fc80.jpg,modern
427_31f4d6f2.jpg,modern
104_0b145adc.jpg,modern
122_ddafaefd.jpg,modern
168_73a8fa29.jpg,modern
366_6a85a605.jpg,modern
058_a50b945b.jpg,modern
116_32f01ef6.jpg,modern
345_5b688cce.jpg,modern
429_bd3086cc.jpg,modern
083_b149d914.jpg,modern
305_b846ee7e.jpg,modern
002_a45d2d3c.jpg,modern
129_eef5c8a1.jpg,modern
103_e1440563.jpg,modern
105_1c926771.jpg,modern
386_03e0eca7.jpg,modern
096_788887ff.jpg,modern
233_ceab4e67.jpg,modern
279_0a7ee454.jpg,modern
007_64a3e2e9.jpg,modern
339_c832b6cc.jpg,modern
291_93109531.jpg,modern
295_cf4856da.jpg,modern
466_b488daef.jpg,modern
272_3262745c.jpg,modern
112_e6cb24b4.jpg,modern
338_91aaae44.jpg,modern
145_96c82567.jpg,modern
430_4e0ee28c.jpg,modern
476_018c324b.jpg,modern
441_56cba3a9.jpg,modern
301_3ae75cf5.jpg,modern
196_95e8f791.jpg,modern
014_32b0d77e.jpg,modern
113_3b341645.jpg,modern
050_ffb00e12.jpg,modern
428_d2a99125.jpg,modern
443_c3788bc5.jpg,modern
109_4eafbe2a.jpg,modern
054_37cbf3d3.jpg,modern
456_fc7312d5.jpg,modern
017_ffb23173.jpg,modern
245_579b3304.jpg,modern
395_471fbc61.jpg,modern
539_897f21ca.jpg,modern
020_b90927d1.jpg,modern
018_7868b4d7.jpg,modern
115_bcdaf595.jpg,modern
439_cbec03f0.jpg,modern
206_5d3cbf40.jpg,modern
069_3a6f2b43.jpg,modern
511_150e9942.jpg,modern
184_33cd0b2b.jpg,modern
382_761139e9.jpg,modern
135_f800cb93.jpg,modern
172_fb1c801f.jpg,modern
485_1c18da79.jpg,modern
212_af89d52d.jpg,modern
203_686226e0.jpg,modern
244_81b4770c.jpg,modern
523_4d21f920.jpg,modern
504_06424815.jpg,modern
201_edbb9f6e.jpg,modern
507_7d484885.jpg,modern
481_2d314672.jpg,modern
005_86125b98.jpg,modern
508_f213ab72.jpg,modern
516_8a0a07fe.jpg,modern
348_c8533d76.jpg,modern
432_81c52798.jpg,modern
360_96bf2f72.jpg,modern
094_c29b2dc0.jpg,modern
260_ff34f4ba.jpg,modern
183_d70e91a3.jpg,modern
352_a6c3229c.jpg,modern
454_3180c2dd.jpg,modern
289_6a6ec65c.jpg,modern
089_23d6d672.jpg,modern
044_12d72bf2.jpg,modern
474_ebf934b6.jpg,modern
315_59373113.jpg,modern
061_b65cd27e.jpg,modern
024_74f0858b.jpg,modern
125_4eba27a5.jpg,modern
225_25606f44.jpg,modern
134_d4b8c73f.jpg,modern
483_19142d94.jpg,modern
402_edb89d69.jpg,modern
510_95629ee6.jpg,modern
073_d9fb51c3.jpg,modern
057_5af3bcf0.jpg,modern
153_acb5cd48.jpg,modern
304_56934f95.jpg,modern
383_2e64dee6.jpg,modern
142_ca3ad033.jpg,modern
251_a8ad17be.jpg,modern
410_43ec7ac3.jpg,modern
026_312b7c51.jpg,modern
469_1ad24162.jpg,modern
077_7688f758.jpg,modern
478_b9c722d9.jpg,modern
318_8eeda507.jpg,modern
199_e4e5df84.jpg,modern
484_fbf31c35.jpg,modern
019_61d9365b.jpg,modern
131_c09d4a3f.jpg,modern
394_8fc176b2.jpg,modern
084_dae155bc.jpg,modern
021_083b8fe4.jpg,modern
041_9c259b38.jpg,modern
004_c3667694.jpg,modern
477_5cdcd6bf.jpg,modern
501_bcd7edcd.jpg,modern
030_9c171c4b.jpg,rustic
042_06b56791.jpg,rustic
163_de1fdac4.jpg,rustic
168_bbf12d12.jpg,rustic
017_d780b748.jpg,rustic
095_0a434ed3.jpg,rustic
227_03725725.jpg,rustic
002_8cdb5424.jpg,rustic
182_b43618bc.jpg,rustic
027_07aeccc3.jpg,rustic
197_3ef925ed.jpg,rustic
128_841a4e49.jpg,rustic
212_aea88577.jpg,rustic
115_32cb3529.jpg,rustic
080_1bdfee05.jpg,rustic
125_743047fb.jpg,rustic
139_38ae72c7.jpg,rustic
117_d5ce16c2.jpg,rustic
022_f8c73e27.jpg,rustic
255_c44d1f35.jpg,rustic
081_156ea596.jpg,rustic
174_55a7b3f9.jpg,rustic
106_253755c1.jpg,rustic
124_2360e50d.jpg,rustic
141_965cfe04.jpg,rustic
154_dc6f5bd3.jpg,rustic
133_91a1133a.jpg,rustic
104_617fdb69.jpg,rustic
039_31ff85ea.jpg,rustic
177_4cc50260.jpg,rustic
023_5efdbc2d.jpg,rustic
036_871efa8f.jpg,rustic
056_3336d3b9.jpg,rustic
020_c8201633.jpg,rustic
270_b478d734.jpg,rustic
089_517b8ebc.jpg,rustic
314_b662db80.jpg,rustic
055_6622ba93.jpg,rustic
152_3e513879.jpg,rustic
053_9f014739.jpg,rustic
172_f807dd8b.jpg,rustic
097_41e7ad48.jpg,rustic
257_f69240b9.jpg,rustic
180_ea16e99b.jpg,rustic
015_bbf52680.jpg,rustic
047_9a90d884.jpg,rustic
052_f4f97004.jpg,rustic
223_ad04fd37.jpg,rustic
098_cff86baa.jpg,rustic
014_716b3285.jpg,rustic
406_3c50af9c.jpg,rustic
007_f2954e4e.jpg,rustic
105_decde90f.jpg,rustic
147_579b3c29.jpg,rustic
003_4600a7ff.jpg,rustic
005_eda52226.jpg,rustic
029_e7108035.jpg,rustic
108_c76f77e2.jpg,rustic
150_1454420c.jpg,rustic
061_6d3934bf.jpg,rustic
091_1e37e2fa.jpg,rustic
044_868201d6.jpg,rustic
094_0a543599.jpg,rustic
099_93ef5030.jpg,rustic
234_25b7959b.jpg,rustic
187_f9d3cf18.jpg,rustic
048_9f5d3f2c.jpg,rustic
160_392e08da.jpg,rustic
021_6cb715ac.jpg,rustic
137_038f978a.jpg,rustic
086_80f8f853.jpg,rustic
158_0e3358fe.jpg,rustic
136_9f1a39c1.jpg,rustic
221_cbdbfa68.jpg,rustic
103_615e0fa4.jpg,rustic
088_925727df.jpg,rustic
006_ec7e3943.jpg,rustic
063_15c6964c.jpg,rustic
009_f852438c.jpg,rustic
206_08d285c6.jpg,rustic
008_a0cf2e04.jpg,rustic
216_8570669c.jpg,rustic
167_ddab6ace.jpg,rustic
018_d675e0cc.jpg,rustic
093_a5e0acc5.jpg,rustic
113_a877aa66.jpg,rustic
026_01045d0b.jpg,rustic
107_01540c65.jpg,rustic
155_245ae247.jpg,rustic
184_ad1b48b8.jpg,rustic
032_1fae6650.jpg,rustic
067_6de6b577.jpg,rustic
202_55578dea.jpg,rustic
045_9fea1e51.jpg,rustic
190_c9f886f6.jpg,rustic
004_cabd9dfd.jpg,rustic
114_dd2dcd98.jpg,rustic
138_03bf52ae.jpg,rustic
077_fd3da9e2.jpg,rustic
135_8c978f4e.jpg,rustic
011_a7b790e1.jpg,rustic
156_55935f6b.jpg,rustic
057_28786773.jpg,rustic
132_8e5fa493.jpg,rustic
129_50e2e0b5.jpg,rustic
040_320b140b.jpg,rustic
186_864572c2.jpg,rustic
109_9fb25602.jpg,rustic
230_4add03cc.jpg,rustic
010_84618064.jpg,rustic
196_9adb6d83.jpg,rustic
079_3da41703.jpg,rustic
122_e44a0cb3.jpg,rustic
194_a66427af.jpg,rustic
012_f438db3a.jpg,rustic
083_1941f4a1.jpg,rustic
164_45199ef9.jpg,rustic
143_606cf1bf.jpg,rustic
254_1355cae0.jpg,rustic
130_3436e91b.jpg,rustic
069_d3bedc1f.jpg,rustic
118_d035210b.jpg,rustic
193_365009dc.jpg,rustic
034_ad26fac6.jpg,rustic
198_7df0d8be.jpg,rustic
171_18d3b628.jpg,rustic
016_7a2d2615.jpg,rustic
037_326d0815.jpg,rustic
142_a3bbdd3d.jpg,rustic
123_aa386d79.jpg,rustic
078_d09c7ede.jpg,rustic
201_936151d8.jpg,rustic
159_7b4fd689.jpg,rustic
060_26c18ddf.jpg,rustic
035_6e7ff66b.jpg,rustic
058_7f8c2954.jpg,rustic
082_40db5260.jpg,rustic
151_d0e35309.jpg,rustic
175_d61edc30.jpg,rustic
236_1c4cda1e.jpg,rustic
028_977e3b62.jpg,rustic
284_404c75b4.jpg,rustic
092_0cd80084.jpg,rustic
001_beaee5fe.jpg,rustic
204_c24a248a.jpg,rustic
188_9b067c58.jpg,rustic
096_0dc661af.jpg,rustic
059_fc270a5f.jpg,rustic
222_8f82cea2.jpg,rustic
087_24c73d10.jpg,rustic
